{
  "StepModels": [
    {
      "$type": "WholesomeDungeonCrawler.Models.MoveAlongPathModel, WholesomeDungeonCrawler",
      "Path": [
        {
          "X": 1.221787,
          "Y": -22.5681438,
          "Z": -20.2470913,
          "Type": "None",
          "Action": ""
        },
        {
          "X": -0.697457969,
          "Y": -28.1923676,
          "Z": -21.5655537,
          "Type": "None",
          "Action": ""
        },
        {
          "X": -2.74537873,
          "Y": -33.4115372,
          "Z": -21.8047867,
          "Type": "None",
          "Action": ""
        },
        {
          "X": -4.85050058,
          "Y": -38.72147,
          "Z": -21.8440838,
          "Type": "None",
          "Action": ""
        },
        {
          "X": -7.67989635,
          "Y": -43.648613,
          "Z": -21.8477535,
          "Type": "None",
          "Action": ""
        },
        {
          "X": -12.5400658,
          "Y": -46.39168,
          "Z": -21.8441544,
          "Type": "None",
          "Action": ""
        },
        {
          "X": -18.192812,
          "Y": -46.568718,
          "Z": -21.86357,
          "Type": "None",
          "Action": ""
        },
        {
          "X": -23.6182861,
          "Y": -45.18573,
          "Z": -21.86357,
          "Type": "None",
          "Action": ""
        },
        {
          "X": -28.4589119,
          "Y": -43.8595657,
          "Z": -21.86357,
          "Type": "None",
          "Action": ""
        },
        {
          "X": -33.97466,
          "Y": -42.34844,
          "Z": -21.1181145,
          "Type": "None",
          "Action": ""
        },
        {
          "X": -39.48331,
          "Y": -40.8392525,
          "Z": -21.8150749,
          "Type": "None",
          "Action": ""
        },
        {
          "X": -44.88429,
          "Y": -39.35957,
          "Z": -21.7959137,
          "Type": "None",
          "Action": ""
        },
        {
          "X": -50.3932838,
          "Y": -37.8502922,
          "Z": -21.2980118,
          "Type": "None",
          "Action": ""
        },
        {
          "X": -55.91578,
          "Y": -36.33732,
          "Z": -20.1803722,
          "Type": "None",
          "Action": ""
        },
        {
          "X": -61.5354233,
          "Y": -35.3701935,
          "Z": -18.5663,
          "Type": "None",
          "Action": ""
        },
        {
          "X": -67.1305,
          "Y": -35.2357941,
          "Z": -17.5228615,
          "Type": "None",
          "Action": ""
        },
        {
          "X": -73.7175,
          "Y": -35.23336,
          "Z": -19.0275116,
          "Type": "None",
          "Action": ""
        },
        {
          "X": -80.7,
          "Y": -35.2307854,
          "Z": -20.4114914,
          "Type": "None",
          "Action": ""
        },
        {
          "X": -86.8425,
          "Y": -35.22852,
          "Z": -22.8765373,
          "Type": "None",
          "Action": ""
        },
        {
          "X": -94.4025,
          "Y": -35.22573,
          "Z": -27.5651932,
          "Type": "None",
          "Action": ""
        },
        {
          "X": -101.402489,
          "Y": -35.2254829,
          "Z": -29.81492,
          "Type": "None",
          "Action": ""
        },
        {
          "X": -108.402107,
          "Y": -35.1813927,
          "Z": -30.52683,
          "Type": "None",
          "Action": ""
        },
        {
          "X": -115.401207,
          "Y": -35.06886,
          "Z": -32.07862,
          "Type": "None",
          "Action": ""
        },
        {
          "X": -122.400459,
          "Y": -34.96787,
          "Z": -33.0016174,
          "Type": "None",
          "Action": ""
        },
        {
          "X": -129.958954,
          "Y": -34.8305321,
          "Z": -33.3461647,
          "Type": "None",
          "Action": ""
        },
        {
          "X": -136.945068,
          "Y": -34.3932343,
          "Z": -32.9625626,
          "Type": "None",
          "Action": ""
        },
        {
          "X": -143.9293,
          "Y": -33.92369,
          "Z": -33.775753,
          "Type": "None",
          "Action": ""
        },
        {
          "X": -150.946182,
          "Y": -33.4195824,
          "Z": -35.7522354,
          "Type": "None",
          "Action": ""
        },
        {
          "X": -157.926514,
          "Y": -32.8952026,
          "Z": -38.4626122,
          "Type": "None",
          "Action": ""
        },
        {
          "X": -165.465591,
          "Y": -32.3335342,
          "Z": -40.85706,
          "Type": "None",
          "Action": ""
        },
        {
          "X": -172.436111,
          "Y": -32.7753258,
          "Z": -42.86683,
          "Type": "None",
          "Action": ""
        },
        {
          "X": -179.381958,
          "Y": -33.89146,
          "Z": -44.19797,
          "Type": "None",
          "Action": ""
        },
        {
          "X": -186.265762,
          "Y": -34.9485359,
          "Z": -44.9388275,
          "Type": "None",
          "Action": ""
        },
        {
          "X": -193.228165,
          "Y": -35.6637268,
          "Z": -45.9196625,
          "Type": "None",
          "Action": ""
        },
        {
          "X": -200.782288,
          "Y": -35.9509964,
          "Z": -48.30604,
          "Type": "None",
          "Action": ""
        },
        {
          "X": -207.778915,
          "Y": -36.16829,
          "Z": -51.1469421,
          "Type": "None",
          "Action": ""
        },
        {
          "X": -214.810532,
          "Y": -36.38667,
          "Z": -53.3912239,
          "Type": "None",
          "Action": ""
        },
        {
          "X": -221.772171,
          "Y": -36.60288,
          "Z": -55.2357979,
          "Type": "None",
          "Action": ""
        },
        {
          "X": -228.203186,
          "Y": -36.5486145,
          "Z": -56.20182,
          "Type": "None",
          "Action": ""
        },
        {
          "X": -235.066589,
          "Y": -35.174324,
          "Z": -56.522686,
          "Type": "None",
          "Action": ""
        },
        {
          "X": -243.09964,
          "Y": -33.7692757,
          "Z": -57.7218628,
          "Type": "None",
          "Action": ""
        },
        {
          "X": -254.695984,
          "Y": -29.9957638,
          "Z": -59.9549332,
          "Type": "None",
          "Action": ""
        },
        {
          "X": -263.5975,
          "Y": -27.48545,
          "Z": -60.69178,
          "Type": "None",
          "Action": ""
        },
        {
          "X": -268.697357,
          "Y": -30.3264675,
          "Z": -60.69178,
          "Type": "None",
          "Action": ""
        },
        {
          "X": -272.207916,
          "Y": -34.17053,
          "Z": -60.69178,
          "Type": "None",
          "Action": ""
        },
        {
          "X": -275.5489,
          "Y": -38.96186,
          "Z": -60.69178,
          "Type": "None",
          "Action": ""
        },
        {
          "X": -279.859039,
          "Y": -41.9548225,
          "Z": -60.782074,
          "Type": "None",
          "Action": ""
        },
        {
          "X": -286.532349,
          "Y": -43.97311,
          "Z": -60.7425766,
          "Type": "None",
          "Action": ""
        },
        {
          "X": -293.516754,
          "Y": -43.7222977,
          "Z": -60.7710075,
          "Type": "None",
          "Action": ""
        },
        {
          "X": -298.3786,
          "Y": -37.88855,
          "Z": -60.8743,
          "Type": "None",
          "Action": ""
        },
        {
          "X": -301.547516,
          "Y": -31.649786,
          "Z": -60.7384033,
          "Type": "None",
          "Action": ""
        },
        {
          "X": -304.03186,
          "Y": -23.3304844,
          "Z": -59.1772842,
          "Type": "None",
          "Action": ""
        },
        {
          "X": -304.609467,
          "Y": -17.5743713,
          "Z": -57.1061478,
          "Type": "None",
          "Action": ""
        },
        {
          "X": -303.6459,
          "Y": -13.0201864,
          "Z": -54.9731941,
          "Type": "None",
          "Action": ""
        },
        {
          "X": -302.19696,
          "Y": -6.171788,
          "Z": -51.3814278,
          "Type": "None",
          "Action": ""
        },
        {
          "X": -298.566162,
          "Y": 2.935313,
          "Z": -47.9507637,
          "Type": "None",
          "Action": ""
        },
        {
          "X": -295.8015,
          "Y": 8.083472,
          "Z": -47.33666,
          "Type": "None",
          "Action": ""
        },
        {
          "X": -291.021973,
          "Y": 11.3107338,
          "Z": -46.38732,
          "Type": "None",
          "Action": ""
        },
        {
          "X": -281.1316,
          "Y": 10.9878969,
          "Z": -47.6541557,
          "Type": "None",
          "Action": ""
        },
        {
          "X": -274.142853,
          "Y": 10.5939522,
          "Z": -50.05372,
          "Type": "None",
          "Action": ""
        },
        {
          "X": -267.157959,
          "Y": 10.1359425,
          "Z": -49.85812,
          "Type": "None",
          "Action": ""
        },
        {
          "X": -260.16864,
          "Y": 9.758072,
          "Z": -49.8204651,
          "Type": "None",
          "Action": ""
        },
        {
          "X": -252.612549,
          "Y": 9.515611,
          "Z": -50.00769,
          "Type": "None",
          "Action": ""
        },
        {
          "X": -245.581177,
          "Y": 9.28956,
          "Z": -48.3624077,
          "Type": "None",
          "Action": ""
        },
        {
          "X": -238.595856,
          "Y": 8.842392,
          "Z": -45.0145531,
          "Type": "None",
          "Action": ""
        },
        {
          "X": -231.648438,
          "Y": 8.347909,
          "Z": -44.4525528,
          "Type": "None",
          "Action": ""
        },
        {
          "X": -224.631165,
          "Y": 7.84859276,
          "Z": -43.6641731,
          "Type": "None",
          "Action": ""
        },
        {
          "X": -217.640717,
          "Y": 7.66920948,
          "Z": -42.1520462,
          "Type": "None",
          "Action": ""
        },
        {
          "X": -210.104752,
          "Y": 8.270932,
          "Z": -39.5996,
          "Type": "None",
          "Action": ""
        },
        {
          "X": -203.180756,
          "Y": 9.283029,
          "Z": -36.8667336,
          "Type": "None",
          "Action": ""
        },
        {
          "X": -196.2996,
          "Y": 10.56743,
          "Z": -34.3408241,
          "Type": "None",
          "Action": ""
        },
        {
          "X": -189.432312,
          "Y": 11.9239054,
          "Z": -32.96401,
          "Type": "None",
          "Action": ""
        },
        {
          "X": -182.511749,
          "Y": 12.9334269,
          "Z": -32.4706345,
          "Type": "None",
          "Action": ""
        },
        {
          "X": -175.543655,
          "Y": 13.305521,
          "Z": -31.3021717,
          "Type": "None",
          "Action": ""
        },
        {
          "X": -167.986969,
          "Y": 13.1312361,
          "Z": -29.4751129,
          "Type": "None",
          "Action": ""
        },
        {
          "X": -161.005371,
          "Y": 12.6279869,
          "Z": -27.2881756,
          "Type": "None",
          "Action": ""
        },
        {
          "X": -154.027328,
          "Y": 12.0740108,
          "Z": -24.56005,
          "Type": "None",
          "Action": ""
        },
        {
          "X": -147.051331,
          "Y": 11.4948282,
          "Z": -22.2805557,
          "Type": "None",
          "Action": ""
        },
        {
          "X": -140.0311,
          "Y": 11.0864582,
          "Z": -21.1826382,
          "Type": "None",
          "Action": ""
        },
        {
          "X": -132.478836,
          "Y": 11.399231,
          "Z": -20.81769,
          "Type": "None",
          "Action": ""
        },
        {
          "X": -127.261528,
          "Y": 11.9800529,
          "Z": -20.2491817,
          "Type": "None",
          "Action": ""
        },
        {
          "X": -122.643753,
          "Y": 14.4537,
          "Z": -19.4518967,
          "Type": "None",
          "Action": ""
        },
        {
          "X": -118.165825,
          "Y": 17.1846924,
          "Z": -18.8816,
          "Type": "None",
          "Action": ""
        },
        {
          "X": -109.210579,
          "Y": 24.6834564,
          "Z": -18.5512428,
          "Type": "None",
          "Action": ""
        },
        {
          "X": -104.643639,
          "Y": 30.63564,
          "Z": -17.805603,
          "Type": "None",
          "Action": ""
        },
        {
          "X": -104.211037,
          "Y": 41.5618439,
          "Z": -18.0723381,
          "Type": "None",
          "Action": ""
        },
        {
          "X": -107.625038,
          "Y": 48.344944,
          "Z": -18.4344521,
          "Type": "None",
          "Action": ""
        },
        {
          "X": -110.603157,
          "Y": 54.6798325,
          "Z": -18.9788685,
          "Type": "None",
          "Action": ""
        },
        {
          "X": -114.886726,
          "Y": 62.2925873,
          "Z": -20.14368,
          "Type": "None",
          "Action": ""
        },
        {
          "X": -119.286446,
          "Y": 67.72751,
          "Z": -21.16087,
          "Type": "None",
          "Action": ""
        },
        {
          "X": -124.37484,
          "Y": 72.51668,
          "Z": -21.671278,
          "Type": "None",
          "Action": ""
        },
        {
          "X": -130.309082,
          "Y": 76.1814651,
          "Z": -21.84773,
          "Type": "None",
          "Action": ""
        },
        {
          "X": -137.638611,
          "Y": 77.71025,
          "Z": -21.37986,
          "Type": "None",
          "Action": ""
        },
        {
          "X": -146.772659,
          "Y": 76.1303558,
          "Z": -21.3769054,
          "Type": "None",
          "Action": ""
        },
        {
          "X": -153.670029,
          "Y": 74.95844,
          "Z": -21.39017,
          "Type": "None",
          "Action": ""
        },
        {
          "X": -160.628036,
          "Y": 74.19286,
          "Z": -21.1918659,
          "Type": "None",
          "Action": ""
        },
        {
          "X": -168.20636,
          "Y": 74.10881,
          "Z": -21.2343655,
          "Type": "None",
          "Action": ""
        },
        {
          "X": -179.518982,
          "Y": 77.03871,
          "Z": -22.0247555,
          "Type": "None",
          "Action": ""
        },
        {
          "X": -185.607727,
          "Y": 79.01769,
          "Z": -22.6209183,
          "Type": "None",
          "Action": ""
        },
        {
          "X": -189.680771,
          "Y": 84.36082,
          "Z": -23.67492,
          "Type": "None",
          "Action": ""
        },
        {
          "X": -191.399246,
          "Y": 91.1465759,
          "Z": -24.16992,
          "Type": "None",
          "Action": ""
        },
        {
          "X": -193.676117,
          "Y": 97.75079,
          "Z": -24.6665382,
          "Type": "None",
          "Action": ""
        },
        {
          "X": -196.395447,
          "Y": 102.9217,
          "Z": -24.8539333,
          "Type": "None",
          "Action": ""
        },
        {
          "X": -197.966553,
          "Y": 107.842216,
          "Z": -24.6442356,
          "Type": "None",
          "Action": ""
        },
        {
          "X": -198.011887,
          "Y": 114.246994,
          "Z": -23.48373,
          "Type": "None",
          "Action": ""
        },
        {
          "X": -197.069214,
          "Y": 122.365761,
          "Z": -22.277956,
          "Type": "None",
          "Action": ""
        },
        {
          "X": -193.974258,
          "Y": 133.0198,
          "Z": -23.1182842,
          "Type": "None",
          "Action": ""
        },
        {
          "X": -191.96611,
          "Y": 139.725571,
          "Z": -24.8103981,
          "Type": "None",
          "Action": ""
        },
        {
          "X": -189.957962,
          "Y": 146.431335,
          "Z": -25.2198868,
          "Type": "None",
          "Action": ""
        },
        {
          "X": -188.328629,
          "Y": 152.04454,
          "Z": -25.2198868,
          "Type": "None",
          "Action": ""
        },
        {
          "X": -195.049957,
          "Y": 153.999954,
          "Z": -25.2198868,
          "Type": "None",
          "Action": ""
        },
        {
          "X": -203.697449,
          "Y": 153.816116,
          "Z": -24.56364,
          "Type": "None",
          "Action": ""
        },
        {
          "X": -209.475052,
          "Y": 153.203369,
          "Z": -22.412981,
          "Type": "None",
          "Action": ""
        },
        {
          "X": -221.059891,
          "Y": 152.165421,
          "Z": -19.3056469,
          "Type": "None",
          "Action": ""
        },
        {
          "X": -228.002823,
          "Y": 151.612473,
          "Z": -18.9069386,
          "Type": "None",
          "Action": ""
        },
        {
          "X": -235.018433,
          "Y": 151.090652,
          "Z": -18.8508434,
          "Type": "None",
          "Action": ""
        },
        {
          "X": -242.558426,
          "Y": 150.54126,
          "Z": -18.7227955,
          "Type": "None",
          "Action": ""
        }
      ],
      "Name": "MoveAlongPathToBoss",
      "Order": 0,
      "CompleteCondition": {
        "HasCompleteCondition": true,
        "ConditionType": 4,
        "GameObjectId": 0,
        "InitialFlags": 0,
        "ItemId": 0,
        "CSharpCondition": null,
        "DeadMobId": 11520,
        "MobPositionId": 0,
        "MobPositionVector": null,
        "LOSPositionVector": null
      }
    }
  ],
  "offMeshConnections": [
    {
      "Path": [
        {
          "X": 1828.26111,
          "Y": -4396.218,
          "Z": 0.493896753,
          "Type": "None",
          "Action": ""
        },
        {
          "X": 1813.24841,
          "Y": -4397.3335,
          "Z": -17.76927,
          "Type": "None",
          "Action": ""
        }
      ],
      "ContinentId": 389,
      "Type": 0,
      "TryToUseEvenIfCanFindPathSuccess": true,
      "Name": "Graveyard jump"
    }
  ],
  "DeathRunPath": [
    {
      "X": 1182.26086,
      "Y": -4458.191,
      "Z": 21.3527775,
      "Type": "None",
      "Action": ""
    },
    {
      "X": 1186.60938,
      "Y": -4452.49463,
      "Z": 21.3758984,
      "Type": "None",
      "Action": ""
    },
    {
      "X": 1191.49365,
      "Y": -4448.26563,
      "Z": 21.4162235,
      "Type": "None",
      "Action": ""
    },
    {
      "X": 1196.56506,
      "Y": -4444.53027,
      "Z": 21.5177536,
      "Type": "None",
      "Action": ""
    },
    {
      "X": 1202.06458,
      "Y": -4441.10645,
      "Z": 21.5013847,
      "Type": "None",
      "Action": ""
    },
    {
      "X": 1207.45923,
      "Y": -4437.83252,
      "Z": 21.4920578,
      "Type": "None",
      "Action": ""
    },
    {
      "X": 1217.48511,
      "Y": -4432.56348,
      "Z": 21.3965378,
      "Type": "None",
      "Action": ""
    },
    {
      "X": 1223.52869,
      "Y": -4430.23047,
      "Z": 22.1901855,
      "Type": "None",
      "Action": ""
    },
    {
      "X": 1229.38647,
      "Y": -4427.94,
      "Z": 22.2757549,
      "Type": "None",
      "Action": ""
    },
    {
      "X": 1235.42029,
      "Y": -4425.581,
      "Z": 22.4518089,
      "Type": "None",
      "Action": ""
    },
    {
      "X": 1241.28772,
      "Y": -4423.287,
      "Z": 23.0366135,
      "Type": "None",
      "Action": ""
    },
    {
      "X": 1251.73193,
      "Y": -4419.204,
      "Z": 24.10521,
      "Type": "None",
      "Action": ""
    },
    {
      "X": 1257.67773,
      "Y": -4416.87939,
      "Z": 24.7312469,
      "Type": "None",
      "Action": ""
    },
    {
      "X": 1263.59412,
      "Y": -4414.56641,
      "Z": 25.4436741,
      "Type": "None",
      "Action": ""
    },
    {
      "X": 1269.491,
      "Y": -4412.261,
      "Z": 25.9465733,
      "Type": "None",
      "Action": ""
    },
    {
      "X": 1275.378,
      "Y": -4409.95947,
      "Z": 26.324007,
      "Type": "None",
      "Action": ""
    },
    {
      "X": 1290.46741,
      "Y": -4404.06,
      "Z": 26.2976456,
      "Type": "None",
      "Action": ""
    },
    {
      "X": 1294.95,
      "Y": -4399.656,
      "Z": 26.28972,
      "Type": "None",
      "Action": ""
    },
    {
      "X": 1297.54565,
      "Y": -4394.01953,
      "Z": 26.27331,
      "Type": "None",
      "Action": ""
    },
    {
      "X": 1302.88611,
      "Y": -4391.03564,
      "Z": 26.2667236,
      "Type": "None",
      "Action": ""
    },
    {
      "X": 1308.979,
      "Y": -4389.434,
      "Z": 26.2468281,
      "Type": "None",
      "Action": ""
    },
    {
      "X": 1319.4751,
      "Y": -4386.699,
      "Z": 26.2375,
      "Type": "None",
      "Action": ""
    },
    {
      "X": 1325.606,
      "Y": -4385.20459,
      "Z": 26.2244167,
      "Type": "None",
      "Action": ""
    },
    {
      "X": 1331.93384,
      "Y": -4383.86572,
      "Z": 26.2151833,
      "Type": "None",
      "Action": ""
    },
    {
      "X": 1338.28333,
      "Y": -4382.57959,
      "Z": 26.1989536,
      "Type": "None",
      "Action": ""
    },
    {
      "X": 1344.46814,
      "Y": -4381.326,
      "Z": 26.16702,
      "Type": "None",
      "Action": ""
    },
    {
      "X": 1355.601,
      "Y": -4379.071,
      "Z": 26.12473,
      "Type": "None",
      "Action": ""
    },
    {
      "X": 1361.94019,
      "Y": -4377.78662,
      "Z": 26.0852,
      "Type": "None",
      "Action": ""
    },
    {
      "X": 1368.11475,
      "Y": -4376.53564,
      "Z": 26.0604782,
      "Type": "None",
      "Action": ""
    },
    {
      "X": 1374.46423,
      "Y": -4375.249,
      "Z": 26.0428753,
      "Type": "None",
      "Action": ""
    },
    {
      "X": 1380.63879,
      "Y": -4373.998,
      "Z": 26.0238914,
      "Type": "None",
      "Action": ""
    },
    {
      "X": 1388.19226,
      "Y": -4372.468,
      "Z": 27.2341461,
      "Type": "None",
      "Action": ""
    },
    {
      "X": 1393.16284,
      "Y": -4371.461,
      "Z": 25.98343,
      "Type": "None",
      "Action": ""
    },
    {
      "X": 1399.51233,
      "Y": -4370.17432,
      "Z": 25.4624538,
      "Type": "None",
      "Action": ""
    },
    {
      "X": 1405.85352,
      "Y": -4368.9,
      "Z": 25.4624538,
      "Type": "None",
      "Action": ""
    },
    {
      "X": 1412.11182,
      "Y": -4368.281,
      "Z": 25.4624538,
      "Type": "None",
      "Action": ""
    },
    {
      "X": 1418.75684,
      "Y": -4368.418,
      "Z": 25.4624538,
      "Type": "None",
      "Action": ""
    },
    {
      "X": 1424.88513,
      "Y": -4369.439,
      "Z": 25.4624538,
      "Type": "None",
      "Action": ""
    },
    {
      "X": 1427.29736,
      "Y": -4374.898,
      "Z": 25.4624538,
      "Type": "None",
      "Action": ""
    },
    {
      "X": 1429.03149,
      "Y": -4381.12842,
      "Z": 25.4624538,
      "Type": "None",
      "Action": ""
    },
    {
      "X": 1430.83374,
      "Y": -4387.34033,
      "Z": 25.4624538,
      "Type": "None",
      "Action": ""
    },
    {
      "X": 1432.592,
      "Y": -4393.401,
      "Z": 25.4624538,
      "Type": "None",
      "Action": ""
    },
    {
      "X": 1434.34741,
      "Y": -4399.451,
      "Z": 25.4624538,
      "Type": "None",
      "Action": ""
    },
    {
      "X": 1436.14954,
      "Y": -4405.663,
      "Z": 25.4624538,
      "Type": "None",
      "Action": ""
    },
    {
      "X": 1437.71021,
      "Y": -4411.68555,
      "Z": 25.4624538,
      "Type": "None",
      "Action": ""
    },
    {
      "X": 1441.717,
      "Y": -4416.442,
      "Z": 25.4624538,
      "Type": "None",
      "Action": ""
    },
    {
      "X": 1447.36548,
      "Y": -4419.01563,
      "Z": 25.4624538,
      "Type": "None",
      "Action": ""
    },
    {
      "X": 1453.52869,
      "Y": -4417.72,
      "Z": 25.4624538,
      "Type": "None",
      "Action": ""
    },
    {
      "X": 1459.93152,
      "Y": -4416.733,
      "Z": 25.4624538,
      "Type": "None",
      "Action": ""
    },
    {
      "X": 1466.1582,
      "Y": -4415.77441,
      "Z": 25.4624538,
      "Type": "None",
      "Action": ""
    },
    {
      "X": 1472.5509,
      "Y": -4414.79,
      "Z": 25.4624538,
      "Type": "None",
      "Action": ""
    },
    {
      "X": 1478.77747,
      "Y": -4413.831,
      "Z": 25.4624538,
      "Type": "None",
      "Action": ""
    },
    {
      "X": 1485.19,
      "Y": -4412.926,
      "Z": 24.4786625,
      "Type": "None",
      "Action": ""
    },
    {
      "X": 1491.656,
      "Y": -4412.77637,
      "Z": 23.6544933,
      "Type": "None",
      "Action": ""
    },
    {
      "X": 1497.95483,
      "Y": -4412.657,
      "Z": 22.6398411,
      "Type": "None",
      "Action": ""
    },
    {
      "X": 1504.433,
      "Y": -4412.71729,
      "Z": 21.1546459,
      "Type": "None",
      "Action": ""
    },
    {
      "X": 1510.911,
      "Y": -4412.79639,
      "Z": 19.19934,
      "Type": "None",
      "Action": ""
    },
    {
      "X": 1517.20471,
      "Y": -4412.99658,
      "Z": 16.9783516,
      "Type": "None",
      "Action": ""
    },
    {
      "X": 1523.63953,
      "Y": -4413.652,
      "Z": 14.749464,
      "Type": "None",
      "Action": ""
    },
    {
      "X": 1529.90649,
      "Y": -4414.296,
      "Z": 12.88418,
      "Type": "None",
      "Action": ""
    },
    {
      "X": 1536.351,
      "Y": -4414.959,
      "Z": 11.539465,
      "Type": "None",
      "Action": ""
    },
    {
      "X": 1542.61792,
      "Y": -4415.60352,
      "Z": 10.5546236,
      "Type": "None",
      "Action": ""
    },
    {
      "X": 1549.052,
      "Y": -4416.265,
      "Z": 9.514005,
      "Type": "None",
      "Action": ""
    },
    {
      "X": 1555.32,
      "Y": -4416.89941,
      "Z": 8.634775,
      "Type": "None",
      "Action": ""
    },
    {
      "X": 1561.782,
      "Y": -4417.358,
      "Z": 7.90288544,
      "Type": "None",
      "Action": ""
    },
    {
      "X": 1568.21826,
      "Y": -4417.17627,
      "Z": 7.41484261,
      "Type": "None",
      "Action": ""
    },
    {
      "X": 1574.14368,
      "Y": -4415.074,
      "Z": 7.03808928,
      "Type": "None",
      "Action": ""
    },
    {
      "X": 1580.16821,
      "Y": -4412.69434,
      "Z": 7.68446159,
      "Type": "None",
      "Action": ""
    },
    {
      "X": 1586.02661,
      "Y": -4410.37744,
      "Z": 7.667102,
      "Type": "None",
      "Action": ""
    },
    {
      "X": 1592.04138,
      "Y": -4407.99854,
      "Z": 7.20061541,
      "Type": "None",
      "Action": ""
    },
    {
      "X": 1597.90186,
      "Y": -4405.687,
      "Z": 7.41877747,
      "Type": "None",
      "Action": ""
    },
    {
      "X": 1604.13623,
      "Y": -4404.06152,
      "Z": 9.579891,
      "Type": "None",
      "Action": ""
    },
    {
      "X": 1610.5835,
      "Y": -4403.544,
      "Z": 10.7091837,
      "Type": "None",
      "Action": ""
    },
    {
      "X": 1616.86853,
      "Y": -4402.977,
      "Z": 11.7567244,
      "Type": "None",
      "Action": ""
    },
    {
      "X": 1623.3103,
      "Y": -4402.39648,
      "Z": 12.8639355,
      "Type": "None",
      "Action": ""
    },
    {
      "X": 1629.58484,
      "Y": -4401.83057,
      "Z": 14.478097,
      "Type": "None",
      "Action": ""
    },
    {
      "X": 1636.03625,
      "Y": -4401.23828,
      "Z": 16.5305347,
      "Type": "None",
      "Action": ""
    },
    {
      "X": 1642.2981,
      "Y": -4400.649,
      "Z": 17.2796936,
      "Type": "None",
      "Action": ""
    },
    {
      "X": 1648.748,
      "Y": -4400.0415,
      "Z": 19.3241959,
      "Type": "None",
      "Action": ""
    },
    {
      "X": 1655.02039,
      "Y": -4399.451,
      "Z": 20.5141926,
      "Type": "None",
      "Action": ""
    },
    {
      "X": 1661.46973,
      "Y": -4398.838,
      "Z": 20.86485,
      "Type": "None",
      "Action": ""
    },
    {
      "X": 1667.677,
      "Y": -4397.77539,
      "Z": 20.485939,
      "Type": "None",
      "Action": ""
    },
    {
      "X": 1673.81726,
      "Y": -4395.74658,
      "Z": 20.1456738,
      "Type": "None",
      "Action": ""
    },
    {
      "X": 1679.71326,
      "Y": -4393.0874,
      "Z": 20.8837528,
      "Type": "None",
      "Action": ""
    },
    {
      "X": 1684.79333,
      "Y": -4389.74268,
      "Z": 23.1103134,
      "Type": "None",
      "Action": ""
    },
    {
      "X": 1690.61572,
      "Y": -4387.069,
      "Z": 25.6103115,
      "Type": "None",
      "Action": ""
    },
    {
      "X": 1696.50232,
      "Y": -4388.962,
      "Z": 28.9493923,
      "Type": "None",
      "Action": ""
    },
    {
      "X": 1702.10889,
      "Y": -4391.82861,
      "Z": 31.8472347,
      "Type": "None",
      "Action": ""
    },
    {
      "X": 1707.8,
      "Y": -4394.90234,
      "Z": 33.28164,
      "Type": "None",
      "Action": ""
    },
    {
      "X": 1713.50037,
      "Y": -4397.981,
      "Z": 34.21004,
      "Type": "None",
      "Action": ""
    },
    {
      "X": 1719.03735,
      "Y": -4400.987,
      "Z": 34.952282,
      "Type": "None",
      "Action": ""
    },
    {
      "X": 1724.21045,
      "Y": -4404.84961,
      "Z": 35.9215469,
      "Type": "None",
      "Action": ""
    },
    {
      "X": 1728.31384,
      "Y": -4409.60449,
      "Z": 37.13644,
      "Type": "None",
      "Action": ""
    },
    {
      "X": 1732.30273,
      "Y": -4414.70947,
      "Z": 37.4253731,
      "Type": "None",
      "Action": ""
    },
    {
      "X": 1735.95715,
      "Y": -4419.813,
      "Z": 36.71325,
      "Type": "None",
      "Action": ""
    },
    {
      "X": 1738.28577,
      "Y": -4425.849,
      "Z": 37.0802841,
      "Type": "None",
      "Action": ""
    },
    {
      "X": 1738.98914,
      "Y": -4432.10938,
      "Z": 37.58097,
      "Type": "None",
      "Action": ""
    },
    {
      "X": 1738.96472,
      "Y": -4438.57861,
      "Z": 37.9871445,
      "Type": "None",
      "Action": ""
    },
    {
      "X": 1738.11389,
      "Y": -4444.98,
      "Z": 37.63542,
      "Type": "None",
      "Action": ""
    },
    {
      "X": 1737.099,
      "Y": -4451.19775,
      "Z": 37.057476,
      "Type": "None",
      "Action": ""
    },
    {
      "X": 1736.10828,
      "Y": -4457.6,
      "Z": 36.4098434,
      "Type": "None",
      "Action": ""
    },
    {
      "X": 1734.81445,
      "Y": -4463.75244,
      "Z": 35.4867744,
      "Type": "None",
      "Action": ""
    },
    {
      "X": 1733.33435,
      "Y": -4470.24268,
      "Z": 33.812355,
      "Type": "None",
      "Action": ""
    },
    {
      "X": 1732.14209,
      "Y": -4476.588,
      "Z": 32.6543846,
      "Type": "None",
      "Action": ""
    },
    {
      "X": 1733.75708,
      "Y": -4482.56348,
      "Z": 31.2817516,
      "Type": "None",
      "Action": ""
    },
    {
      "X": 1736.99976,
      "Y": -4488.17139,
      "Z": 30.05638,
      "Type": "None",
      "Action": ""
    },
    {
      "X": 1740.35742,
      "Y": -4493.70166,
      "Z": 29.4820671,
      "Type": "None",
      "Action": ""
    },
    {
      "X": 1743.93225,
      "Y": -4498.876,
      "Z": 28.9073849,
      "Type": "None",
      "Action": ""
    },
    {
      "X": 1747.945,
      "Y": -4503.96045,
      "Z": 28.0410118,
      "Type": "None",
      "Action": ""
    },
    {
      "X": 1752.01587,
      "Y": -4508.76855,
      "Z": 27.5079765,
      "Type": "None",
      "Action": ""
    },
    {
      "X": 1756.19519,
      "Y": -4513.705,
      "Z": 26.9765453,
      "Type": "None",
      "Action": ""
    },
    {
      "X": 1760.266,
      "Y": -4518.513,
      "Z": 26.3956223,
      "Type": "None",
      "Action": ""
    },
    {
      "X": 1765.39319,
      "Y": -4522.42,
      "Z": 25.8322372,
      "Type": "None",
      "Action": ""
    },
    {
      "X": 1771.2644,
      "Y": -4524.641,
      "Z": 25.1768513,
      "Type": "None",
      "Action": ""
    },
    {
      "X": 1777.68555,
      "Y": -4525.35352,
      "Z": 24.3884068,
      "Type": "None",
      "Action": ""
    },
    {
      "X": 1784.14587,
      "Y": -4525.839,
      "Z": 23.2300529,
      "Type": "None",
      "Action": ""
    },
    {
      "X": 1790.43188,
      "Y": -4526.234,
      "Z": 22.04829,
      "Type": "None",
      "Action": ""
    },
    {
      "X": 1796.76721,
      "Y": -4526.15967,
      "Z": 21.4825878,
      "Type": "None",
      "Action": ""
    },
    {
      "X": 1802.6781,
      "Y": -4524.591,
      "Z": 21.0750961,
      "Type": "None",
      "Action": ""
    },
    {
      "X": 1808.61182,
      "Y": -4522.017,
      "Z": 20.6485767,
      "Type": "None",
      "Action": ""
    },
    {
      "X": 1814.38489,
      "Y": -4519.49463,
      "Z": 20.388237,
      "Type": "None",
      "Action": ""
    },
    {
      "X": 1820.30664,
      "Y": -4516.867,
      "Z": 20.8751678,
      "Type": "None",
      "Action": ""
    },
    {
      "X": 1826.19214,
      "Y": -4514.185,
      "Z": 20.7674122,
      "Type": "None",
      "Action": ""
    },
    {
      "X": 1831.9397,
      "Y": -4511.565,
      "Z": 20.6873283,
      "Type": "None",
      "Action": ""
    },
    {
      "X": 1837.78674,
      "Y": -4508.82568,
      "Z": 20.8316174,
      "Type": "None",
      "Action": ""
    },
    {
      "X": 1843.203,
      "Y": -4505.628,
      "Z": 20.8164768,
      "Type": "None",
      "Action": ""
    },
    {
      "X": 1848.36169,
      "Y": -4501.72656,
      "Z": 20.7573013,
      "Type": "None",
      "Action": ""
    },
    {
      "X": 1853.51746,
      "Y": -4498.108,
      "Z": 20.9711571,
      "Type": "None",
      "Action": ""
    },
    {
      "X": 1858.81018,
      "Y": -4494.37158,
      "Z": 21.2433968,
      "Type": "None",
      "Action": ""
    },
    {
      "X": 1864.09741,
      "Y": -4490.628,
      "Z": 21.21163,
      "Type": "None",
      "Action": ""
    },
    {
      "X": 1869.23889,
      "Y": -4486.9873,
      "Z": 20.5989475,
      "Type": "None",
      "Action": ""
    },
    {
      "X": 1874.51758,
      "Y": -4483.24951,
      "Z": 19.7349586,
      "Type": "None",
      "Action": ""
    },
    {
      "X": 1879.64624,
      "Y": -4479.59131,
      "Z": 19.247776,
      "Type": "None",
      "Action": ""
    },
    {
      "X": 1884.38428,
      "Y": -4475.213,
      "Z": 19.7225437,
      "Type": "None",
      "Action": ""
    },
    {
      "X": 1886.91589,
      "Y": -4469.482,
      "Z": 19.8171272,
      "Type": "None",
      "Action": ""
    },
    {
      "X": 1888.84119,
      "Y": -4463.307,
      "Z": 19.4118252,
      "Type": "None",
      "Action": ""
    },
    {
      "X": 1890.69983,
      "Y": -4457.101,
      "Z": 19.0399,
      "Type": "None",
      "Action": ""
    },
    {
      "X": 1892.50427,
      "Y": -4451.07568,
      "Z": 18.48031,
      "Type": "None",
      "Action": ""
    },
    {
      "X": 1894.36609,
      "Y": -4444.86,
      "Z": 17.6393223,
      "Type": "None",
      "Action": ""
    },
    {
      "X": 1895.89758,
      "Y": -4438.76758,
      "Z": 16.5749931,
      "Type": "None",
      "Action": ""
    },
    {
      "X": 1895.62158,
      "Y": -4432.32568,
      "Z": 15.35136,
      "Type": "None",
      "Action": ""
    },
    {
      "X": 1892.95935,
      "Y": -4426.66064,
      "Z": 14.0681677,
      "Type": "None",
      "Action": ""
    },
    {
      "X": 1888.25989,
      "Y": -4422.259,
      "Z": 12.4741383,
      "Type": "None",
      "Action": ""
    },
    {
      "X": 1882.53357,
      "Y": -4419.692,
      "Z": 10.9096117,
      "Type": "None",
      "Action": ""
    },
    {
      "X": 1876.18982,
      "Y": -4418.463,
      "Z": 9.365158,
      "Type": "None",
      "Action": ""
    },
    {
      "X": 1869.9884,
      "Y": -4416.75244,
      "Z": 8.252271,
      "Type": "None",
      "Action": ""
    },
    {
      "X": 1864.15918,
      "Y": -4414.335,
      "Z": 7.993821,
      "Type": "None",
      "Action": ""
    },
    {
      "X": 1858.23047,
      "Y": -4411.755,
      "Z": 6.83999729,
      "Type": "None",
      "Action": ""
    },
    {
      "X": 1852.63745,
      "Y": -4408.8667,
      "Z": 6.106696,
      "Type": "None",
      "Action": ""
    },
    {
      "X": 1846.91858,
      "Y": -4405.82275,
      "Z": 5.58248854,
      "Type": "None",
      "Action": ""
    },
    {
      "X": 1842.0072,
      "Y": -4401.91064,
      "Z": 4.38763428,
      "Type": "None",
      "Action": ""
    },
    {
      "X": 1837.71533,
      "Y": -4396.843,
      "Z": 3.68544769,
      "Type": "None",
      "Action": ""
    },
    {
      "X": 1833.914,
      "Y": -4391.82,
      "Z": 0.6119515,
      "Type": "None",
      "Action": ""
    },
    {
      "X": 1828.26111,
      "Y": -4396.218,
      "Z": 0.493896753,
      "Type": "None",
      "Action": ""
    },
    {
      "X": 1823.02551,
      "Y": -4396.607,
      "Z": -2.15492678,
      "Type": "None",
      "Action": ""
    },
    {
      "X": 1818.66956,
      "Y": -4396.93066,
      "Z": -7.03418827,
      "Type": "None",
      "Action": ""
    },
    {
      "X": 1814.46021,
      "Y": -4397.24365,
      "Z": -14.9210482,
      "Type": "None",
      "Action": ""
    },
    {
      "X": 1808.21484,
      "Y": -4406.064,
      "Z": -18.5103989,
      "Type": "None",
      "Action": ""
    },
    {
      "X": 1811.48242,
      "Y": -4411.67041,
      "Z": -18.2257137,
      "Type": "None",
      "Action": ""
    },
    {
      "X": 1819.764,
      "Y": -4425.13037,
      "Z": -19.1061783,
      "Type": "None",
      "Action": ""
    }
  ],
  "MapId": 389,
  "Name": "RagefireChasm",
  "Faction": 0
}