{
  "StepModels": [
    {
      "$type": "WholesomeDungeonCrawler.Models.MoveAlongPathModel, WholesomeDungeonCrawler",
      "Path": [
        {
          "X": -226.0127,
          "Y": 53.3971367,
          "Z": -46.0377846,
          "Type": "None",
          "Action": ""
        },
        {
          "X": -234.65329,
          "Y": 58.35912,
          "Z": -46.0377846,
          "Type": "None",
          "Action": ""
        },
        {
          "X": -243.139374,
          "Y": 59.4614334,
          "Z": -46.02077,
          "Type": "None",
          "Action": ""
        },
        {
          "X": -251.67894,
          "Y": 60.27066,
          "Z": -46.7830963,
          "Type": "None",
          "Action": ""
        },
        {
          "X": -260.244659,
          "Y": 60.37205,
          "Z": -48.79052,
          "Type": "None",
          "Action": ""
        },
        {
          "X": -269.001678,
          "Y": 60.37406,
          "Z": -48.7948532,
          "Type": "None",
          "Action": ""
        },
        {
          "X": -277.0619,
          "Y": 62.7199478,
          "Z": -48.7976646,
          "Type": "None",
          "Action": ""
        },
        {
          "X": -281.048676,
          "Y": 69.76404,
          "Z": -48.8004532,
          "Type": "None",
          "Action": ""
        },
        {
          "X": -280.850037,
          "Y": 78.29164,
          "Z": -48.80517,
          "Type": "None",
          "Action": ""
        },
        {
          "X": -277.611267,
          "Y": 86.21203,
          "Z": -48.8006935,
          "Type": "None",
          "Action": ""
        },
        {
          "X": -268.93927,
          "Y": 90.46244,
          "Z": -48.7970047,
          "Type": "None",
          "Action": ""
        },
        {
          "X": -260.194855,
          "Y": 90.60276,
          "Z": -48.7932549,
          "Type": "None",
          "Action": ""
        },
        {
          "X": -251.450912,
          "Y": 90.81432,
          "Z": -48.10354,
          "Type": "None",
          "Action": ""
        },
        {
          "X": -244.578934,
          "Y": 96.3783,
          "Z": -48.1248055,
          "Type": "None",
          "Action": ""
        },
        {
          "X": -246.122971,
          "Y": 134.544983,
          "Z": -46.71455,
          "Type": "None",
          "Action": ""
        },
        {
          "X": -254.219757,
          "Y": 137.102264,
          "Z": -46.71455,
          "Type": "None",
          "Action": ""
        },
        {
          "X": -264.754669,
          "Y": 137.1438,
          "Z": -47.40445,
          "Type": "None",
          "Action": ""
        },
        {
          "X": -274.597656,
          "Y": 137.861679,
          "Z": -47.4073448,
          "Type": "None",
          "Action": ""
        },
        {
          "X": -283.830963,
          "Y": 139.288345,
          "Z": -46.91438,
          "Type": "None",
          "Action": ""
        },
        {
          "X": -293.113129,
          "Y": 140.304169,
          "Z": -47.01971,
          "Type": "None",
          "Action": ""
        },
        {
          "X": -301.843872,
          "Y": 138.342926,
          "Z": -46.5546951,
          "Type": "None",
          "Action": ""
        },
        {
          "X": -306.477325,
          "Y": 124.751534,
          "Z": -46.9707375,
          "Type": "None",
          "Action": ""
        },
        {
          "X": -312.85553,
          "Y": 119.242409,
          "Z": -47.7067642,
          "Type": "None",
          "Action": ""
        },
        {
          "X": -320.859283,
          "Y": 120.336105,
          "Z": -50.215332,
          "Type": "None",
          "Action": ""
        },
        {
          "X": -329.519379,
          "Y": 119.890648,
          "Z": -52.8392677,
          "Type": "None",
          "Action": ""
        },
        {
          "X": -337.576263,
          "Y": 122.525635,
          "Z": -53.1451035,
          "Type": "None",
          "Action": ""
        },
        {
          "X": -339.310516,
          "Y": 131.548874,
          "Z": -51.510952,
          "Type": "None",
          "Action": ""
        },
        {
          "X": -342.146576,
          "Y": 141.620438,
          "Z": -48.9604568,
          "Type": "None",
          "Action": ""
        },
        {
          "X": -350.731537,
          "Y": 141.6404,
          "Z": -48.54436,
          "Type": "None",
          "Action": ""
        },
        {
          "X": -356.620361,
          "Y": 133.767929,
          "Z": -48.08284,
          "Type": "None",
          "Action": ""
        },
        {
          "X": -356.932068,
          "Y": 123.890533,
          "Z": -45.4920273,
          "Type": "None",
          "Action": ""
        }
      ],
      "Name": "Boss 1",
      "Order": 0,
      "CompleteCondition": null
    },
    {
      "$type": "WholesomeDungeonCrawler.Models.MoveAlongPathModel, WholesomeDungeonCrawler",
      "Path": [
        {
          "X": -351.532532,
          "Y": 114.583984,
          "Z": -44.48481,
          "Type": "None",
          "Action": ""
        },
        {
          "X": -344.4167,
          "Y": 115.945938,
          "Z": -48.8634224,
          "Type": "None",
          "Action": ""
        },
        {
          "X": -337.5382,
          "Y": 117.262466,
          "Z": -54.17814,
          "Type": "None",
          "Action": ""
        },
        {
          "X": -328.86554,
          "Y": 118.230278,
          "Z": -52.9945335,
          "Type": "None",
          "Action": ""
        },
        {
          "X": -320.249817,
          "Y": 118.74369,
          "Z": -50.218235,
          "Type": "None",
          "Action": ""
        },
        {
          "X": -311.9211,
          "Y": 120.210518,
          "Z": -47.45707,
          "Type": "None",
          "Action": ""
        },
        {
          "X": -307.315338,
          "Y": 126.910118,
          "Z": -46.89935,
          "Type": "None",
          "Action": ""
        },
        {
          "X": -303.963379,
          "Y": 134.778778,
          "Z": -46.5917854,
          "Type": "None",
          "Action": ""
        },
        {
          "X": -296.1463,
          "Y": 139.282776,
          "Z": -46.4218521,
          "Type": "None",
          "Action": ""
        },
        {
          "X": -287.6149,
          "Y": 138.9452,
          "Z": -46.8622131,
          "Type": "None",
          "Action": ""
        },
        {
          "X": -281.893219,
          "Y": 146.769257,
          "Z": -47.40833,
          "Type": "None",
          "Action": ""
        },
        {
          "X": -281.096527,
          "Y": 156.865,
          "Z": -47.40833,
          "Type": "None",
          "Action": ""
        },
        {
          "X": -278.829834,
          "Y": 164.883362,
          "Z": -47.4097633,
          "Type": "None",
          "Action": ""
        },
        {
          "X": -269.16452,
          "Y": 167.9022,
          "Z": -47.40658,
          "Type": "None",
          "Action": ""
        },
        {
          "X": -260.774384,
          "Y": 168.304871,
          "Z": -47.40445,
          "Type": "None",
          "Action": ""
        },
        {
          "X": -252.214035,
          "Y": 168.666656,
          "Z": -45.5612755,
          "Type": "None",
          "Action": ""
        },
        {
          "X": -243.461746,
          "Y": 168.786835,
          "Z": -44.6300545,
          "Type": "None",
          "Action": ""
        },
        {
          "X": -234.721039,
          "Y": 168.563431,
          "Z": -44.6300545,
          "Type": "None",
          "Action": ""
        },
        {
          "X": -226.06192,
          "Y": 167.330917,
          "Z": -44.6300545,
          "Type": "None",
          "Action": ""
        }
      ],
      "Name": "Boss 2",
      "Order": 1,
      "CompleteCondition": null
    },
    {
      "$type": "WholesomeDungeonCrawler.Models.MoveAlongPathModel, WholesomeDungeonCrawler",
      "Path": [
        {
          "X": -223.828568,
          "Y": 165.083282,
          "Z": -44.6300545,
          "Type": "None",
          "Action": ""
        },
        {
          "X": -226.2673,
          "Y": 174.293945,
          "Z": -44.6300545,
          "Type": "None",
          "Action": ""
        },
        {
          "X": -226.577454,
          "Y": 183.9346,
          "Z": -44.6300545,
          "Type": "None",
          "Action": ""
        },
        {
          "X": -227.582932,
          "Y": 192.7497,
          "Z": -44.6278458,
          "Type": "None",
          "Action": ""
        },
        {
          "X": -227.969055,
          "Y": 202.5349,
          "Z": -46.747303,
          "Type": "None",
          "Action": ""
        },
        {
          "X": -228.275528,
          "Y": 211.444122,
          "Z": -50.0640373,
          "Type": "None",
          "Action": ""
        },
        {
          "X": -228.570465,
          "Y": 220.017563,
          "Z": -49.7068329,
          "Type": "None",
          "Action": ""
        },
        {
          "X": -228.8589,
          "Y": 228.402084,
          "Z": -49.5074768,
          "Type": "None",
          "Action": ""
        },
        {
          "X": -229.153824,
          "Y": 236.975525,
          "Z": -50.6506958,
          "Type": "None",
          "Action": ""
        },
        {
          "X": -229.4545,
          "Y": 245.715759,
          "Z": -49.3243179,
          "Type": "None",
          "Action": ""
        },
        {
          "X": -231.003723,
          "Y": 254.271851,
          "Z": -49.4892731,
          "Type": "None",
          "Action": ""
        },
        {
          "X": -233.272446,
          "Y": 262.544922,
          "Z": -50.3383865,
          "Type": "None",
          "Action": ""
        },
        {
          "X": -204.872009,
          "Y": 252.960464,
          "Z": -49.2544479,
          "Type": "None",
          "Action": ""
        },
        {
          "X": -198.875931,
          "Y": 261.62262,
          "Z": -49.9261856,
          "Type": "None",
          "Action": ""
        },
        {
          "X": -193.588989,
          "Y": 269.992645,
          "Z": -49.320713,
          "Type": "None",
          "Action": ""
        },
        {
          "X": -187.8256,
          "Y": 281.454163,
          "Z": -48.1297,
          "Type": "None",
          "Action": ""
        },
        {
          "X": -184.683243,
          "Y": 292.0923,
          "Z": -48.5986824,
          "Type": "None",
          "Action": ""
        },
        {
          "X": -181.419891,
          "Y": 303.891541,
          "Z": -51.80276,
          "Type": "None",
          "Action": ""
        },
        {
          "X": -179.991959,
          "Y": 312.5234,
          "Z": -53.0926552,
          "Type": "None",
          "Action": ""
        },
        {
          "X": -178.169708,
          "Y": 320.43042,
          "Z": -52.78556,
          "Type": "None",
          "Action": ""
        },
        {
          "X": -169.384155,
          "Y": 323.156464,
          "Z": -51.24807,
          "Type": "None",
          "Action": ""
        },
        {
          "X": -161.4856,
          "Y": 321.983856,
          "Z": -49.7798,
          "Type": "None",
          "Action": ""
        },
        {
          "X": -151.0556,
          "Y": 321.84436,
          "Z": -48.82723,
          "Type": "None",
          "Action": ""
        },
        {
          "X": -145.8264,
          "Y": 328.894745,
          "Z": -45.9762459,
          "Type": "None",
          "Action": ""
        },
        {
          "X": -137.47142,
          "Y": 330.4817,
          "Z": -44.35114,
          "Type": "None",
          "Action": ""
        },
        {
          "X": -133.20192,
          "Y": 319.8539,
          "Z": -44.31145,
          "Type": "None",
          "Action": ""
        },
        {
          "X": -121.62027,
          "Y": 318.548462,
          "Z": -45.0093079,
          "Type": "None",
          "Action": ""
        },
        {
          "X": -112.873978,
          "Y": 318.793152,
          "Z": -47.3378067,
          "Type": "None",
          "Action": ""
        },
        {
          "X": -103.535233,
          "Y": 319.135,
          "Z": -48.8611755,
          "Type": "None",
          "Action": ""
        },
        {
          "X": -96.67694,
          "Y": 312.2072,
          "Z": -51.14489,
          "Type": "None",
          "Action": ""
        },
        {
          "X": -89.88581,
          "Y": 300.052124,
          "Z": -49.845108,
          "Type": "None",
          "Action": ""
        },
        {
          "X": -88.60624,
          "Y": 290.79895,
          "Z": -47.6290741,
          "Type": "None",
          "Action": ""
        },
        {
          "X": -87.78652,
          "Y": 282.6512,
          "Z": -47.63047,
          "Type": "None",
          "Action": ""
        },
        {
          "X": -85.66571,
          "Y": 274.415955,
          "Z": -47.63047,
          "Type": "None",
          "Action": ""
        },
        {
          "X": -85.74568,
          "Y": 263.342377,
          "Z": -47.63047,
          "Type": "None",
          "Action": ""
        },
        {
          "X": -88.0112839,
          "Y": 248.998215,
          "Z": -48.32627,
          "Type": "None",
          "Action": ""
        },
        {
          "X": -86.73141,
          "Y": 238.0663,
          "Z": -49.73005,
          "Type": "None",
          "Action": ""
        },
        {
          "X": -73.55857,
          "Y": 236.766663,
          "Z": -49.7364655,
          "Type": "None",
          "Action": ""
        },
        {
          "X": -64.80894,
          "Y": 236.846252,
          "Z": -49.7297325,
          "Type": "None",
          "Action": ""
        },
        {
          "X": -50.8024521,
          "Y": 220.50119,
          "Z": -48.3277855,
          "Type": "None",
          "Action": ""
        }
      ],
      "Name": "Boss 3",
      "Order": 2,
      "CompleteCondition": null
    },
    {
      "$type": "WholesomeDungeonCrawler.Models.MoveAlongPathModel, WholesomeDungeonCrawler",
      "Path": [
        {
          "X": -41.7560921,
          "Y": 233.452362,
          "Z": -48.3269348,
          "Type": "None",
          "Action": ""
        },
        {
          "X": -41.6300468,
          "Y": 242.166458,
          "Z": -48.32445,
          "Type": "None",
          "Action": ""
        },
        {
          "X": -41.8869438,
          "Y": 257.319275,
          "Z": -49.0188141,
          "Type": "None",
          "Action": ""
        },
        {
          "X": -42.0257759,
          "Y": 265.508118,
          "Z": -49.0188141,
          "Type": "None",
          "Action": ""
        },
        {
          "X": -40.969017,
          "Y": 273.8867,
          "Z": -49.0188141,
          "Type": "None",
          "Action": ""
        },
        {
          "X": -28.2559452,
          "Y": 275.458069,
          "Z": -48.48246,
          "Type": "None",
          "Action": ""
        },
        {
          "X": -19.1124477,
          "Y": 277.282074,
          "Z": -47.8082275,
          "Type": "None",
          "Action": ""
        },
        {
          "X": -13.4483919,
          "Y": 286.062042,
          "Z": -48.0799561,
          "Type": "None",
          "Action": ""
        },
        {
          "X": -15.7639837,
          "Y": 293.654633,
          "Z": -46.97088,
          "Type": "None",
          "Action": ""
        },
        {
          "X": -24.8577843,
          "Y": 297.6003,
          "Z": -46.5129967,
          "Type": "None",
          "Action": ""
        },
        {
          "X": -29.9613953,
          "Y": 306.029358,
          "Z": -44.9363823,
          "Type": "None",
          "Action": ""
        },
        {
          "X": -30.98089,
          "Y": 314.64035,
          "Z": -43.0524635,
          "Type": "None",
          "Action": ""
        },
        {
          "X": -24.9098873,
          "Y": 319.91684,
          "Z": -39.9976349,
          "Type": "None",
          "Action": ""
        },
        {
          "X": -14.6392,
          "Y": 320.215271,
          "Z": -39.6935654,
          "Type": "None",
          "Action": ""
        },
        {
          "X": -7.64896345,
          "Y": 324.200775,
          "Z": -39.6957932,
          "Type": "None",
          "Action": ""
        },
        {
          "X": -9.304723,
          "Y": 333.479462,
          "Z": -40.1888771,
          "Type": "None",
          "Action": ""
        },
        {
          "X": -13.8397408,
          "Y": 342.836548,
          "Z": -41.07458,
          "Type": "None",
          "Action": ""
        },
        {
          "X": -8.884899,
          "Y": 350.7595,
          "Z": -41.2068443,
          "Type": "None",
          "Action": ""
        },
        {
          "X": -3.26472759,
          "Y": 357.093323,
          "Z": -42.3092,
          "Type": "None",
          "Action": ""
        },
        {
          "X": -1.34449553,
          "Y": 367.095764,
          "Z": -43.3475723,
          "Type": "None",
          "Action": ""
        },
        {
          "X": -1.17834318,
          "Y": 375.249023,
          "Z": -43.8287659,
          "Type": "None",
          "Action": ""
        },
        {
          "X": -1.67867661,
          "Y": 384.380676,
          "Z": -43.5952034,
          "Type": "None",
          "Action": ""
        },
        {
          "X": 2.92881632,
          "Y": 391.083069,
          "Z": -44.86431,
          "Type": "None",
          "Action": ""
        },
        {
          "X": 5.26291037,
          "Y": 399.634033,
          "Z": -46.05159,
          "Type": "None",
          "Action": ""
        },
        {
          "X": 2.44035625,
          "Y": 407.269135,
          "Z": -47.3525734,
          "Type": "None",
          "Action": ""
        },
        {
          "X": -4.08189535,
          "Y": 412.756256,
          "Z": -47.82506,
          "Type": "None",
          "Action": ""
        }
      ],
      "Name": "Boss 4",
      "Order": 3,
      "CompleteCondition": null
    },
    {
      "$type": "WholesomeDungeonCrawler.Models.MoveAlongPathModel, WholesomeDungeonCrawler",
      "Path": [
        {
          "X": 2.54152,
          "Y": 389.349823,
          "Z": -44.27652,
          "Type": "None",
          "Action": ""
        },
        {
          "X": -1.84558392,
          "Y": 381.897156,
          "Z": -43.4311333,
          "Type": "None",
          "Action": ""
        },
        {
          "X": -1.38065481,
          "Y": 373.258667,
          "Z": -43.86854,
          "Type": "None",
          "Action": ""
        },
        {
          "X": 3.33378053,
          "Y": 366.2797,
          "Z": -43.3730164,
          "Type": "None",
          "Action": ""
        },
        {
          "X": 13.56702,
          "Y": 361.964417,
          "Z": -43.0896645,
          "Type": "None",
          "Action": ""
        },
        {
          "X": 24.07506,
          "Y": 358.476837,
          "Z": -42.599308,
          "Type": "None",
          "Action": ""
        },
        {
          "X": 33.8492966,
          "Y": 358.841919,
          "Z": -42.6200676,
          "Type": "None",
          "Action": ""
        },
        {
          "X": 41.24933,
          "Y": 362.291,
          "Z": -43.35774,
          "Type": "None",
          "Action": ""
        },
        {
          "X": 49.75764,
          "Y": 368.403625,
          "Z": -43.15954,
          "Type": "None",
          "Action": ""
        },
        {
          "X": 56.7446976,
          "Y": 375.41687,
          "Z": -38.2491531,
          "Type": "None",
          "Action": ""
        },
        {
          "X": 66.88163,
          "Y": 385.073,
          "Z": -38.2620735,
          "Type": "None",
          "Action": ""
        },
        {
          "X": 74.06541,
          "Y": 391.943,
          "Z": -38.27485,
          "Type": "None",
          "Action": ""
        },
        {
          "X": 68.85233,
          "Y": 403.452,
          "Z": -38.27485,
          "Type": "None",
          "Action": ""
        },
        {
          "X": 61.3990974,
          "Y": 410.847168,
          "Z": -38.6220741,
          "Type": "None",
          "Action": ""
        },
        {
          "X": 52.6336632,
          "Y": 419.45462,
          "Z": -41.0356941,
          "Type": "None",
          "Action": ""
        },
        {
          "X": 44.3573875,
          "Y": 427.6108,
          "Z": -41.0402451,
          "Type": "None",
          "Action": ""
        },
        {
          "X": 42.84638,
          "Y": 435.879456,
          "Z": -41.04312,
          "Type": "None",
          "Action": ""
        },
        {
          "X": 48.03651,
          "Y": 443.5142,
          "Z": -41.0519028,
          "Type": "None",
          "Action": ""
        },
        {
          "X": 54.8168526,
          "Y": 451.5763,
          "Z": -41.0462341,
          "Type": "None",
          "Action": ""
        }
      ],
      "Name": "Boss 5",
      "Order": 4,
      "CompleteCondition": null
    },
    {
      "$type": "WholesomeDungeonCrawler.Models.MoveAlongPathModel, WholesomeDungeonCrawler",
      "Path": [
        {
          "X": 46.14413,
          "Y": 440.245941,
          "Z": -41.0453949,
          "Type": "None",
          "Action": ""
        },
        {
          "X": 43.6372337,
          "Y": 429.690216,
          "Z": -41.0431633,
          "Type": "None",
          "Action": ""
        },
        {
          "X": 48.481144,
          "Y": 423.2898,
          "Z": -41.0398865,
          "Type": "None",
          "Action": ""
        },
        {
          "X": 57.8086624,
          "Y": 415.41272,
          "Z": -40.3023949,
          "Type": "None",
          "Action": ""
        },
        {
          "X": 66.64717,
          "Y": 406.8815,
          "Z": -38.2731247,
          "Type": "None",
          "Action": ""
        },
        {
          "X": 72.57789,
          "Y": 400.44812,
          "Z": -38.2752571,
          "Type": "None",
          "Action": ""
        },
        {
          "X": 72.68839,
          "Y": 391.727,
          "Z": -38.2752571,
          "Type": "None",
          "Action": ""
        },
        {
          "X": 67.1067,
          "Y": 385.7348,
          "Z": -38.2629929,
          "Type": "None",
          "Action": ""
        },
        {
          "X": 60.66475,
          "Y": 378.965,
          "Z": -38.260643,
          "Type": "None",
          "Action": ""
        },
        {
          "X": 54.657093,
          "Y": 372.651581,
          "Z": -39.6069031,
          "Type": "None",
          "Action": ""
        },
        {
          "X": 49.421505,
          "Y": 367.149536,
          "Z": -43.33961,
          "Type": "None",
          "Action": ""
        },
        {
          "X": 43.16712,
          "Y": 360.215363,
          "Z": -43.4904251,
          "Type": "None",
          "Action": ""
        },
        {
          "X": 41.1561661,
          "Y": 348.42337,
          "Z": -42.54275,
          "Type": "None",
          "Action": ""
        },
        {
          "X": 40.5117874,
          "Y": 339.681732,
          "Z": -43.0608139,
          "Type": "None",
          "Action": ""
        },
        {
          "X": 36.45261,
          "Y": 331.375854,
          "Z": -43.1092224,
          "Type": "None",
          "Action": ""
        },
        {
          "X": 28.341877,
          "Y": 325.078217,
          "Z": -41.0775375,
          "Type": "None",
          "Action": ""
        },
        {
          "X": 24.4993439,
          "Y": 317.2137,
          "Z": -39.6169739,
          "Type": "None",
          "Action": ""
        },
        {
          "X": 24.8333855,
          "Y": 307.45932,
          "Z": -39.6180954,
          "Type": "None",
          "Action": ""
        },
        {
          "X": 23.70509,
          "Y": 299.430542,
          "Z": -39.9652176,
          "Type": "None",
          "Action": ""
        },
        {
          "X": 19.2345619,
          "Y": 290.902527,
          "Z": -40.149292,
          "Type": "None",
          "Action": ""
        },
        {
          "X": 10.9375582,
          "Y": 285.641479,
          "Z": -38.6729965,
          "Type": "None",
          "Action": ""
        },
        {
          "X": 3.356932,
          "Y": 279.444977,
          "Z": -37.3771133,
          "Type": "None",
          "Action": ""
        },
        {
          "X": 2.7370317,
          "Y": 267.280823,
          "Z": -35.67546,
          "Type": "None",
          "Action": ""
        },
        {
          "X": 4.21614456,
          "Y": 258.657,
          "Z": -35.9625,
          "Type": "None",
          "Action": ""
        },
        {
          "X": 9.39692,
          "Y": 245.61322,
          "Z": -34.99702,
          "Type": "None",
          "Action": ""
        },
        {
          "X": 11.5411339,
          "Y": 236.583267,
          "Z": -32.43956,
          "Type": "None",
          "Action": ""
        },
        {
          "X": 16.44417,
          "Y": 226.5112,
          "Z": -31.8843536,
          "Type": "None",
          "Action": ""
        },
        {
          "X": 26.81261,
          "Y": 234.020782,
          "Z": -30.8109665,
          "Type": "None",
          "Action": ""
        },
        {
          "X": 37.7069855,
          "Y": 240.758667,
          "Z": -26.581686,
          "Type": "None",
          "Action": ""
        },
        {
          "X": 45.32749,
          "Y": 245.057785,
          "Z": -26.581686,
          "Type": "None",
          "Action": ""
        }
      ],
      "Name": "Boss 6 Part 1",
      "Order": 5,
      "CompleteCondition": null
    },
    {
      "$type": "WholesomeDungeonCrawler.Models.InteractWithModel, WholesomeDungeonCrawler",
      "ObjectId": 124368,
      "ExpectedPosition": {
        "X": 50.0446,
        "Y": 247.246,
        "Z": -26.5175,
        "Type": "None",
        "Action": ""
      },
      "StrictPosition": false,
      "FindClosest": false,
      "Name": "Open Doors",
      "Order": 6,
      "CompleteCondition": {
        "HasCompleteCondition": true,
        "ConditionType": 2,
        "GameObjectId": 124368,
        "InitialFlags": 32,
        "ItemId": 0,
        "CSharpCondition": null,
        "DeadMobId": 0,
        "MobPositionId": 0,
        "MobId": 0,
        "MobPositionVector": null,
        "LOSPositionVector": null,
        "WaitTime": 0
      }
    },
    {
      "$type": "WholesomeDungeonCrawler.Models.MoveAlongPathModel, WholesomeDungeonCrawler",
      "Path": [
        {
          "X": 52.078022,
          "Y": 248.375488,
          "Z": -26.5839787,
          "Type": "None",
          "Action": ""
        },
        {
          "X": 60.5248871,
          "Y": 252.2904,
          "Z": -26.5880451,
          "Type": "None",
          "Action": ""
        },
        {
          "X": 71.63918,
          "Y": 257.44162,
          "Z": -26.5831261,
          "Type": "None",
          "Action": ""
        },
        {
          "X": 78.89071,
          "Y": 268.631744,
          "Z": -26.5880623,
          "Type": "None",
          "Action": ""
        },
        {
          "X": 81.1712341,
          "Y": 278.303467,
          "Z": -26.5880623,
          "Type": "None",
          "Action": ""
        },
        {
          "X": 85.358696,
          "Y": 286.612518,
          "Z": -26.5880623,
          "Type": "None",
          "Action": ""
        },
        {
          "X": 93.4597855,
          "Y": 294.13327,
          "Z": -26.5880623,
          "Type": "None",
          "Action": ""
        },
        {
          "X": 102.831833,
          "Y": 296.898865,
          "Z": -26.5880623,
          "Type": "None",
          "Action": ""
        },
        {
          "X": 112.075256,
          "Y": 293.982758,
          "Z": -26.5880623,
          "Type": "None",
          "Action": ""
        },
        {
          "X": 121.031418,
          "Y": 288.7862,
          "Z": -26.5880623,
          "Type": "None",
          "Action": ""
        },
        {
          "X": 127.1538,
          "Y": 279.8218,
          "Z": -26.5880623,
          "Type": "None",
          "Action": ""
        },
        {
          "X": 129.87442,
          "Y": 266.578278,
          "Z": -26.5880623,
          "Type": "None",
          "Action": ""
        },
        {
          "X": 122.541908,
          "Y": 254.778427,
          "Z": -26.5880623,
          "Type": "None",
          "Action": ""
        },
        {
          "X": 110.2511,
          "Y": 249.435944,
          "Z": -26.5880623,
          "Type": "None",
          "Action": ""
        },
        {
          "X": 96.55727,
          "Y": 249.5693,
          "Z": -26.5880623,
          "Type": "None",
          "Action": ""
        },
        {
          "X": 85.60499,
          "Y": 257.310028,
          "Z": -26.5880623,
          "Type": "None",
          "Action": ""
        },
        {
          "X": 91.64377,
          "Y": 266.790039,
          "Z": -26.5321178,
          "Type": "None",
          "Action": ""
        },
        {
          "X": 99.67247,
          "Y": 270.2687,
          "Z": -26.5321178,
          "Type": "None",
          "Action": ""
        }
      ],
      "Name": "Boss 6 Part 2",
      "Order": 7,
      "CompleteCondition": {
        "HasCompleteCondition": false,
        "ConditionType": 0,
        "GameObjectId": 0,
        "InitialFlags": 0,
        "ItemId": 0,
        "CSharpCondition": null,
        "DeadMobId": 0,
        "MobPositionId": 0,
        "MobId": 0,
        "MobPositionVector": null,
        "LOSPositionVector": null,
        "WaitTime": 0
      }
    },
    {
      "$type": "WholesomeDungeonCrawler.Models.InteractWithModel, WholesomeDungeonCrawler",
      "ObjectId": 130511,
      "ExpectedPosition": {
        "X": 104.845,
        "Y": 272.453,
        "Z": -26.5322,
        "Type": "None",
        "Action": ""
      },
      "StrictPosition": false,
      "FindClosest": false,
      "Name": "Click on Alter of The Keeprs",
      "Order": 8,
      "CompleteCondition": {
        "HasCompleteCondition": false,
        "ConditionType": 0,
        "GameObjectId": 0,
        "InitialFlags": 0,
        "ItemId": 0,
        "CSharpCondition": null,
        "DeadMobId": 0,
        "MobPositionId": 0,
        "MobId": 0,
        "MobPositionVector": null,
        "LOSPositionVector": null,
        "WaitTime": 0
      }
    },
    {
      "$type": "WholesomeDungeonCrawler.Models.MoveAlongPathModel, WholesomeDungeonCrawler",
      "Path": [
        {
          "X": 100.432785,
          "Y": 270.9428,
          "Z": -26.5321636,
          "Type": "None",
          "Action": ""
        },
        {
          "X": 100.618591,
          "Y": 261.773651,
          "Z": -26.5321636,
          "Type": "None",
          "Action": ""
        },
        {
          "X": 108.731056,
          "Y": 262.1624,
          "Z": -26.5321636,
          "Type": "None",
          "Action": ""
        },
        {
          "X": 115.635384,
          "Y": 267.271942,
          "Z": -26.5321636,
          "Type": "None",
          "Action": ""
        },
        {
          "X": 117.10569,
          "Y": 275.68692,
          "Z": -26.5321636,
          "Type": "None",
          "Action": ""
        },
        {
          "X": 112.614487,
          "Y": 283.069122,
          "Z": -26.5321636,
          "Type": "None",
          "Action": ""
        },
        {
          "X": 104.918175,
          "Y": 286.419,
          "Z": -26.5321636,
          "Type": "None",
          "Action": ""
        },
        {
          "X": 97.03958,
          "Y": 283.193237,
          "Z": -26.5321636,
          "Type": "None",
          "Action": ""
        },
        {
          "X": 91.56625,
          "Y": 276.750916,
          "Z": -26.5321636,
          "Type": "None",
          "Action": ""
        },
        {
          "X": 92.09612,
          "Y": 268.07016,
          "Z": -26.5321636,
          "Type": "None",
          "Action": ""
        },
        {
          "X": 100.403366,
          "Y": 265.921326,
          "Z": -26.5321636,
          "Type": "None",
          "Action": ""
        },
        {
          "X": 107.681145,
          "Y": 270.7111,
          "Z": -26.5321636,
          "Type": "None",
          "Action": ""
        },
        {
          "X": 113.921257,
          "Y": 276.673218,
          "Z": -26.5321636,
          "Type": "None",
          "Action": ""
        }
      ],
      "Name": "Killin all Stone Keepers",
      "Order": 9,
      "CompleteCondition": {
        "HasCompleteCondition": false,
        "ConditionType": 0,
        "GameObjectId": 0,
        "InitialFlags": 0,
        "ItemId": 0,
        "CSharpCondition": null,
        "DeadMobId": 0,
        "MobPositionId": 0,
        "MobId": 0,
        "MobPositionVector": null,
        "LOSPositionVector": null,
        "WaitTime": 0
      }
    },
    {
      "$type": "WholesomeDungeonCrawler.Models.MoveAlongPathModel, WholesomeDungeonCrawler",
      "Path": [
        {
          "X": 128.9218,
          "Y": 283.822723,
          "Z": -26.5880642,
          "Type": "None",
          "Action": ""
        },
        {
          "X": 136.926743,
          "Y": 287.624847,
          "Z": -26.5845566,
          "Type": "None",
          "Action": ""
        },
        {
          "X": 144.312027,
          "Y": 291.1326,
          "Z": -26.5831528,
          "Type": "None",
          "Action": ""
        },
        {
          "X": 151.972733,
          "Y": 288.6922,
          "Z": -26.5831528,
          "Type": "None",
          "Action": ""
        },
        {
          "X": 157.2413,
          "Y": 278.612823,
          "Z": -26.5831528,
          "Type": "None",
          "Action": ""
        },
        {
          "X": 162.84201,
          "Y": 267.7181,
          "Z": -29.353384,
          "Type": "None",
          "Action": ""
        },
        {
          "X": 168.049576,
          "Y": 256.630341,
          "Z": -29.35761,
          "Type": "None",
          "Action": ""
        },
        {
          "X": 171.168381,
          "Y": 247.2632,
          "Z": -29.361824,
          "Type": "None",
          "Action": ""
        },
        {
          "X": 163.087753,
          "Y": 242.5832,
          "Z": -29.361824,
          "Type": "None",
          "Action": ""
        },
        {
          "X": 154.810471,
          "Y": 238.245483,
          "Z": -34.3086357,
          "Type": "None",
          "Action": ""
        },
        {
          "X": 148.114258,
          "Y": 234.736328,
          "Z": -38.5005035,
          "Type": "None",
          "Action": ""
        },
        {
          "X": 139.805984,
          "Y": 230.38237,
          "Z": -42.48937,
          "Type": "None",
          "Action": ""
        },
        {
          "X": 129.886444,
          "Y": 225.491989,
          "Z": -42.48937,
          "Type": "None",
          "Action": ""
        },
        {
          "X": 118.405846,
          "Y": 219.731567,
          "Z": -42.4901276,
          "Type": "None",
          "Action": ""
        },
        {
          "X": 108.904747,
          "Y": 215.26178,
          "Z": -44.10354,
          "Type": "None",
          "Action": ""
        },
        {
          "X": 98.8642,
          "Y": 210.540939,
          "Z": -50.23765,
          "Type": "None",
          "Action": ""
        },
        {
          "X": 85.24529,
          "Y": 205.710861,
          "Z": -54.9768944,
          "Type": "None",
          "Action": ""
        },
        {
          "X": 77.11982,
          "Y": 209.996719,
          "Z": -54.97643,
          "Type": "None",
          "Action": ""
        },
        {
          "X": 72.95564,
          "Y": 219.666824,
          "Z": -54.973896,
          "Type": "None",
          "Action": ""
        },
        {
          "X": 67.94226,
          "Y": 228.89006,
          "Z": -53.12093,
          "Type": "None",
          "Action": ""
        },
        {
          "X": 64.0677948,
          "Y": 236.696075,
          "Z": -52.1980438,
          "Type": "None",
          "Action": ""
        },
        {
          "X": 59.94045,
          "Y": 245.700134,
          "Z": -52.1980438,
          "Type": "None",
          "Action": ""
        },
        {
          "X": 68.980835,
          "Y": 255.345718,
          "Z": -52.1980438,
          "Type": "None",
          "Action": ""
        },
        {
          "X": 79.4489746,
          "Y": 260.4699,
          "Z": -52.2036476,
          "Type": "None",
          "Action": ""
        },
        {
          "X": 88.34532,
          "Y": 264.8247,
          "Z": -51.78304,
          "Type": "None",
          "Action": ""
        }
      ],
      "Name": "Boss 6 Part 3",
      "Order": 10,
      "CompleteCondition": {
        "HasCompleteCondition": false,
        "ConditionType": 0,
        "GameObjectId": 0,
        "InitialFlags": 0,
        "ItemId": 0,
        "CSharpCondition": null,
        "DeadMobId": 0,
        "MobPositionId": 0,
        "MobId": 0,
        "MobPositionVector": null,
        "LOSPositionVector": null,
        "WaitTime": 0
      }
    },
    {
      "$type": "WholesomeDungeonCrawler.Models.InteractWithModel, WholesomeDungeonCrawler",
      "ObjectId": 133234,
      "ExpectedPosition": {
        "X": 70.701,
        "Y": 256.905,
        "Z": -52.0584,
        "Type": "None",
        "Action": ""
      },
      "StrictPosition": false,
      "FindClosest": false,
      "Name": "Open final doors",
      "Order": 11,
      "CompleteCondition": {
        "HasCompleteCondition": true,
        "ConditionType": 2,
        "GameObjectId": 141869,
        "InitialFlags": 32,
        "ItemId": 0,
        "CSharpCondition": null,
        "DeadMobId": 0,
        "MobPositionId": 0,
        "MobId": 0,
        "MobPositionVector": null,
        "LOSPositionVector": null,
        "WaitTime": 0
      }
    },
    {
      "$type": "WholesomeDungeonCrawler.Models.MoveAlongPathModel, WholesomeDungeonCrawler",
      "Path": [
        {
          "X": 95.18642,
          "Y": 268.173462,
          "Z": -52.1487045,
          "Type": "None",
          "Action": ""
        },
        {
          "X": 0.0,
          "Y": 0.0,
          "Z": 0.0,
          "Type": "None",
          "Action": ""
        },
        {
          "X": -6289.911,
          "Y": -3493.108,
          "Z": 251.482773,
          "Type": "None",
          "Action": ""
        },
        {
          "X": -6279.83154,
          "Y": -3488.00439,
          "Z": 252.113388,
          "Type": "None",
          "Action": ""
        },
        {
          "X": -6271.9873,
          "Y": -3484.04932,
          "Z": 252.038818,
          "Type": "None",
          "Action": ""
        },
        {
          "X": -6258.87646,
          "Y": -3477.7207,
          "Z": 249.551132,
          "Type": "None",
          "Action": ""
        },
        {
          "X": -6250.85254,
          "Y": -3471.8645,
          "Z": 245.363556,
          "Type": "None",
          "Action": ""
        },
        {
          "X": -6243.50244,
          "Y": -3465.2666,
          "Z": 241.334686,
          "Type": "None",
          "Action": ""
        },
        {
          "X": -6234.28467,
          "Y": -3453.955,
          "Z": 238.658569,
          "Type": "None",
          "Action": ""
        },
        {
          "X": -6224.935,
          "Y": -3443.54,
          "Z": 237.901749,
          "Type": "None",
          "Action": ""
        },
        {
          "X": -6214.554,
          "Y": -3433.30444,
          "Z": 238.169189,
          "Type": "None",
          "Action": ""
        },
        {
          "X": -6207.46826,
          "Y": -3426.3335,
          "Z": 238.637314,
          "Type": "None",
          "Action": ""
        },
        {
          "X": -6197.513,
          "Y": -3416.53979,
          "Z": 239.166138,
          "Type": "None",
          "Action": ""
        },
        {
          "X": -6187.36035,
          "Y": -3406.13379,
          "Z": 239.418839,
          "Type": "None",
          "Action": ""
        },
        {
          "X": -6176.464,
          "Y": -3396.42383,
          "Z": 241.400131,
          "Type": "None",
          "Action": ""
        },
        {
          "X": -6166.95,
          "Y": -3386.9873,
          "Z": 243.847626,
          "Type": "None",
          "Action": ""
        },
        {
          "X": -6156.79,
          "Y": -3376.50952,
          "Z": 242.876572,
          "Type": "None",
          "Action": ""
        },
        {
          "X": -6147.044,
          "Y": -3366.45874,
          "Z": 245.5539,
          "Type": "None",
          "Action": ""
        },
        {
          "X": -6137.25928,
          "Y": -3355.6438,
          "Z": 248.850311,
          "Type": "None",
          "Action": ""
        },
        {
          "X": -6129.9873,
          "Y": -3343.1626,
          "Z": 251.183426,
          "Type": "None",
          "Action": ""
        },
        {
          "X": -6123.35742,
          "Y": -3330.1604,
          "Z": 252.993835,
          "Type": "None",
          "Action": ""
        },
        {
          "X": -6117.56152,
          "Y": -3317.45459,
          "Z": 255.718292,
          "Type": "None",
          "Action": ""
        },
        {
          "X": -6111.54,
          "Y": -3304.19922,
          "Z": 256.802338,
          "Type": "None",
          "Action": ""
        },
        {
          "X": -6105.61426,
          "Y": -3290.89185,
          "Z": 257.283936,
          "Type": "None",
          "Action": ""
        },
        {
          "X": -6104.7666,
          "Y": -3280.45459,
          "Z": 256.7732,
          "Type": "None",
          "Action": ""
        },
        {
          "X": -6103.96,
          "Y": -3265.882,
          "Z": 257.813934,
          "Type": "None",
          "Action": ""
        },
        {
          "X": -6104.05664,
          "Y": -3252.50732,
          "Z": 259.225342,
          "Type": "None",
          "Action": ""
        },
        {
          "X": -6108.40869,
          "Y": -3239.202,
          "Z": 260.187164,
          "Type": "None",
          "Action": ""
        },
        {
          "X": -6107.029,
          "Y": -3225.46631,
          "Z": 259.788177,
          "Type": "None",
          "Action": ""
        },
        {
          "X": -6102.356,
          "Y": -3211.68286,
          "Z": 256.995026,
          "Type": "None",
          "Action": ""
        },
        {
          "X": -6096.55762,
          "Y": -3198.289,
          "Z": 255.494522,
          "Type": "None",
          "Action": ""
        },
        {
          "X": -6093.76465,
          "Y": -3184.82813,
          "Z": 256.325745,
          "Type": "None",
          "Action": ""
        },
        {
          "X": -6093.781,
          "Y": -3176.63965,
          "Z": 255.9465,
          "Type": "None",
          "Action": ""
        },
        {
          "X": -6090.97949,
          "Y": -3168.546,
          "Z": 255.161819,
          "Type": "None",
          "Action": ""
        },
        {
          "X": -6080.901,
          "Y": -3161.84326,
          "Z": 254.520172,
          "Type": "None",
          "Action": ""
        },
        {
          "X": -6072.79541,
          "Y": -3157.203,
          "Z": 254.359634,
          "Type": "None",
          "Action": ""
        },
        {
          "X": -6066.503,
          "Y": -3152.122,
          "Z": 253.980164,
          "Type": "None",
          "Action": ""
        },
        {
          "X": -6068.78662,
          "Y": -3140.10669,
          "Z": 254.5258,
          "Type": "None",
          "Action": ""
        },
        {
          "X": -6077.328,
          "Y": -3133.04541,
          "Z": 253.770767,
          "Type": "None",
          "Action": ""
        },
        {
          "X": -6085.4126,
          "Y": -3128.43115,
          "Z": 253.592941,
          "Type": "None",
          "Action": ""
        },
        {
          "X": -6088.00537,
          "Y": -3119.80737,
          "Z": 251.935135,
          "Type": "None",
          "Action": ""
        },
        {
          "X": -6088.76953,
          "Y": -3111.12817,
          "Z": 251.269852,
          "Type": "None",
          "Action": ""
        },
        {
          "X": -6095.71973,
          "Y": -3102.51733,
          "Z": 251.176834,
          "Type": "None",
          "Action": ""
        },
        {
          "X": -6102.529,
          "Y": -3094.81,
          "Z": 251.795273,
          "Type": "None",
          "Action": ""
        },
        {
          "X": -6106.159,
          "Y": -3085.558,
          "Z": 251.712631,
          "Type": "None",
          "Action": ""
        },
        {
          "X": -6108.33838,
          "Y": -3076.498,
          "Z": 251.419189,
          "Type": "None",
          "Action": ""
        },
        {
          "X": -6111.564,
          "Y": -3067.72925,
          "Z": 248.613144,
          "Type": "None",
          "Action": ""
        },
        {
          "X": -6109.68457,
          "Y": -3058.58447,
          "Z": 246.774353,
          "Type": "None",
          "Action": ""
        },
        {
          "X": -6099.51855,
          "Y": -3053.13013,
          "Z": 247.294571,
          "Type": "None",
          "Action": ""
        },
        {
          "X": -6092.34131,
          "Y": -3049.286,
          "Z": 248.866974,
          "Type": "None",
          "Action": ""
        },
        {
          "X": -6087.852,
          "Y": -3116.259,
          "Z": 251.607651,
          "Type": "None",
          "Action": ""
        }
      ],
      "Name": "Boss 6 Part 4",
      "Order": 12,
      "CompleteCondition": {
        "HasCompleteCondition": false,
        "ConditionType": 0,
        "GameObjectId": 0,
        "InitialFlags": 0,
        "ItemId": 0,
        "CSharpCondition": null,
        "DeadMobId": 0,
        "MobPositionId": 0,
        "MobId": 0,
        "MobPositionVector": null,
        "LOSPositionVector": null,
        "WaitTime": 0
      }
    },
    {
      "$type": "WholesomeDungeonCrawler.Models.InteractWithModel, WholesomeDungeonCrawler",
      "ObjectId": 133234,
      "ExpectedPosition": {
        "X": 96.4808,
        "Y": 269.052,
        "Z": -52.1487,
        "Type": "None",
        "Action": ""
      },
      "StrictPosition": false,
      "FindClosest": false,
      "Name": "Click Alter of Archaedas",
      "Order": 13,
      "CompleteCondition": {
        "HasCompleteCondition": true,
        "ConditionType": 4,
        "GameObjectId": 133234,
        "InitialFlags": 32,
        "ItemId": 0,
        "CSharpCondition": null,
        "DeadMobId": 2748,
        "MobPositionId": 0,
        "MobId": 0,
        "MobPositionVector": null,
        "LOSPositionVector": null,
        "WaitTime": 0
      }
    },
    {
      "$type": "WholesomeDungeonCrawler.Models.MoveAlongPathModel, WholesomeDungeonCrawler",
      "Path": [
        {
          "X": 97.25817,
          "Y": 265.333923,
          "Z": -52.1487045,
          "Type": "None",
          "Action": ""
        },
        {
          "X": 104.949623,
          "Y": 270.168427,
          "Z": -51.7792435,
          "Type": "None",
          "Action": ""
        },
        {
          "X": 112.478668,
          "Y": 274.170654,
          "Z": -52.14869,
          "Type": "None",
          "Action": ""
        },
        {
          "X": 120.000183,
          "Y": 278.095642,
          "Z": -51.783062,
          "Type": "None",
          "Action": ""
        },
        {
          "X": 127.635384,
          "Y": 281.886078,
          "Z": -52.2046051,
          "Type": "None",
          "Action": ""
        },
        {
          "X": 135.674591,
          "Y": 284.680969,
          "Z": -52.2046051,
          "Type": "None",
          "Action": ""
        },
        {
          "X": 143.966,
          "Y": 287.0014,
          "Z": -52.19923,
          "Type": "None",
          "Action": ""
        },
        {
          "X": 152.210617,
          "Y": 289.306671,
          "Z": -52.22559,
          "Type": "None",
          "Action": ""
        }
      ],
      "Name": "Goto Chest",
      "Order": 14,
      "CompleteCondition": {
        "HasCompleteCondition": false,
        "ConditionType": 0,
        "GameObjectId": 0,
        "InitialFlags": 0,
        "ItemId": 0,
        "CSharpCondition": null,
        "DeadMobId": 0,
        "MobPositionId": 0,
        "MobId": 0,
        "MobPositionVector": null,
        "LOSPositionVector": null,
        "WaitTime": 0
      }
    },
    {
      "$type": "WholesomeDungeonCrawler.Models.InteractWithModel, WholesomeDungeonCrawler",
      "ObjectId": 131474,
      "ExpectedPosition": {
        "X": 161.826,
        "Y": 298.283,
        "Z": -51.3698,
        "Type": "None",
        "Action": ""
      },
      "StrictPosition": false,
      "FindClosest": false,
      "Name": "Loot Chest",
      "Order": 15,
      "CompleteCondition": {
        "HasCompleteCondition": false,
        "ConditionType": 0,
        "GameObjectId": 0,
        "InitialFlags": 0,
        "ItemId": 0,
        "CSharpCondition": null,
        "DeadMobId": 0,
        "MobPositionId": 0,
        "MobId": 0,
        "MobPositionVector": null,
        "LOSPositionVector": null,
        "WaitTime": 0
      }
    }
  ],
  "MapId": 70,
  "Name": "Ulda",
  "Faction": 2,
  "DeathRunPath": [
    {
      "X": -6289.911,
      "Y": -3493.108,
      "Z": 251.482773,
      "Type": "None",
      "Action": ""
    },
    {
      "X": -6282.25928,
      "Y": -3489.82837,
      "Z": 252.165634,
      "Type": "None",
      "Action": ""
    },
    {
      "X": -6271.99756,
      "Y": -3485.58325,
      "Z": 252.309952,
      "Type": "None",
      "Action": ""
    },
    {
      "X": -6263.3623,
      "Y": -3482.011,
      "Z": 251.257172,
      "Type": "None",
      "Action": ""
    },
    {
      "X": -6250.77637,
      "Y": -3474.722,
      "Z": 247.0331,
      "Type": "None",
      "Action": ""
    },
    {
      "X": -6238.973,
      "Y": -3466.13745,
      "Z": 242.41951,
      "Type": "None",
      "Action": ""
    },
    {
      "X": -6228.54834,
      "Y": -3456.86084,
      "Z": 240.199875,
      "Type": "None",
      "Action": ""
    },
    {
      "X": -6218.15137,
      "Y": -3446.669,
      "Z": 238.488846,
      "Type": "None",
      "Action": ""
    },
    {
      "X": -6207.842,
      "Y": -3436.28833,
      "Z": 238.314209,
      "Type": "None",
      "Action": ""
    },
    {
      "X": -6197.55762,
      "Y": -3425.93262,
      "Z": 238.889191,
      "Type": "None",
      "Action": ""
    },
    {
      "X": -6187.345,
      "Y": -3415.64941,
      "Z": 239.164551,
      "Type": "None",
      "Action": ""
    },
    {
      "X": -6177.002,
      "Y": -3405.30273,
      "Z": 239.263168,
      "Type": "None",
      "Action": ""
    },
    {
      "X": -6167.128,
      "Y": -3395.43823,
      "Z": 242.316238,
      "Type": "None",
      "Action": ""
    },
    {
      "X": -6157.688,
      "Y": -3384.324,
      "Z": 243.09433,
      "Type": "None",
      "Action": ""
    },
    {
      "X": -6148.71338,
      "Y": -3372.859,
      "Z": 244.280518,
      "Type": "None",
      "Action": ""
    },
    {
      "X": -6139.8374,
      "Y": -3361.288,
      "Z": 247.489716,
      "Type": "None",
      "Action": ""
    },
    {
      "X": -6131.734,
      "Y": -3349.87256,
      "Z": 250.4633,
      "Type": "None",
      "Action": ""
    },
    {
      "X": -6123.20361,
      "Y": -3338.03,
      "Z": 251.307938,
      "Type": "None",
      "Action": ""
    },
    {
      "X": -6114.725,
      "Y": -3326.217,
      "Z": 255.3342,
      "Type": "None",
      "Action": ""
    },
    {
      "X": -6110.006,
      "Y": -3312.60669,
      "Z": 256.249939,
      "Type": "None",
      "Action": ""
    },
    {
      "X": -6108.41943,
      "Y": -3298.19531,
      "Z": 256.896729,
      "Type": "None",
      "Action": ""
    },
    {
      "X": -6108.28,
      "Y": -3283.636,
      "Z": 256.636658,
      "Type": "None",
      "Action": ""
    },
    {
      "X": -6108.163,
      "Y": -3269.63647,
      "Z": 257.3256,
      "Type": "None",
      "Action": ""
    },
    {
      "X": -6108.14648,
      "Y": -3255.04224,
      "Z": 258.8608,
      "Type": "None",
      "Action": ""
    },
    {
      "X": -6108.44971,
      "Y": -3240.4856,
      "Z": 260.093323,
      "Type": "None",
      "Action": ""
    },
    {
      "X": -6107.08,
      "Y": -3225.9646,
      "Z": 259.845154,
      "Type": "None",
      "Action": ""
    },
    {
      "X": -6103.61865,
      "Y": -3212.46045,
      "Z": 257.2038,
      "Type": "None",
      "Action": ""
    },
    {
      "X": -6098.1875,
      "Y": -3199.55786,
      "Z": 255.683563,
      "Type": "None",
      "Action": ""
    },
    {
      "X": -6093.139,
      "Y": -3185.90381,
      "Z": 256.2846,
      "Type": "None",
      "Action": ""
    },
    {
      "X": -6092.72754,
      "Y": -3172.64844,
      "Z": 255.72348,
      "Type": "None",
      "Action": ""
    },
    {
      "X": -6089.70068,
      "Y": -3165.20239,
      "Z": 254.38533,
      "Type": "None",
      "Action": ""
    },
    {
      "X": -6082.29639,
      "Y": -3158.46,
      "Z": 254.060349,
      "Type": "None",
      "Action": ""
    },
    {
      "X": -6071.82666,
      "Y": -3155.8208,
      "Z": 254.3491,
      "Type": "None",
      "Action": ""
    },
    {
      "X": -6067.59863,
      "Y": -3148.83862,
      "Z": 254.2136,
      "Type": "None",
      "Action": ""
    },
    {
      "X": -6068.87,
      "Y": -3138.77441,
      "Z": 254.376251,
      "Type": "None",
      "Action": ""
    },
    {
      "X": -6077.069,
      "Y": -3133.13745,
      "Z": 253.8141,
      "Type": "None",
      "Action": ""
    },
    {
      "X": -6086.681,
      "Y": -3128.629,
      "Z": 253.38504,
      "Type": "None",
      "Action": ""
    },
    {
      "X": -6089.27539,
      "Y": -3120.962,
      "Z": 251.964783,
      "Type": "None",
      "Action": ""
    },
    {
      "X": -6089.52832,
      "Y": -3112.21777,
      "Z": 251.282257,
      "Type": "None",
      "Action": ""
    },
    {
      "X": -6087.63135,
      "Y": -3102.26343,
      "Z": 250.730072,
      "Type": "None",
      "Action": ""
    },
    {
      "X": -6080.26074,
      "Y": -3094.02246,
      "Z": 250.519958,
      "Type": "None",
      "Action": ""
    },
    {
      "X": -6071.443,
      "Y": -3088.508,
      "Z": 250.454468,
      "Type": "None",
      "Action": ""
    },
    {
      "X": -6067.58057,
      "Y": -3077.803,
      "Z": 248.856735,
      "Type": "None",
      "Action": ""
    },
    {
      "X": -6071.744,
      "Y": -3070.31079,
      "Z": 247.643829,
      "Type": "None",
      "Action": ""
    },
    {
      "X": -6080.66455,
      "Y": -3074.6333,
      "Z": 245.257553,
      "Type": "None",
      "Action": ""
    },
    {
      "X": -6089.251,
      "Y": -3075.839,
      "Z": 242.5721,
      "Type": "None",
      "Action": ""
    },
    {
      "X": -6090.976,
      "Y": -3067.59937,
      "Z": 240.0887,
      "Type": "None",
      "Action": ""
    },
    {
      "X": -6087.399,
      "Y": -3060.30469,
      "Z": 239.128616,
      "Type": "None",
      "Action": ""
    },
    {
      "X": -6083.65625,
      "Y": -3050.33765,
      "Z": 236.415833,
      "Type": "None",
      "Action": ""
    },
    {
      "X": -6084.051,
      "Y": -3039.743,
      "Z": 233.631317,
      "Type": "None",
      "Action": ""
    },
    {
      "X": -6088.439,
      "Y": -3029.573,
      "Z": 232.437958,
      "Type": "None",
      "Action": ""
    },
    {
      "X": -6085.23145,
      "Y": -3020.24072,
      "Z": 231.306946,
      "Type": "None",
      "Action": ""
    },
    {
      "X": -6078.729,
      "Y": -3014.41382,
      "Z": 231.925186,
      "Type": "None",
      "Action": ""
    },
    {
      "X": -6078.79541,
      "Y": -3004.501,
      "Z": 230.016708,
      "Type": "None",
      "Action": ""
    },
    {
      "X": -6085.663,
      "Y": -2995.82568,
      "Z": 229.239883,
      "Type": "None",
      "Action": ""
    },
    {
      "X": -6093.04053,
      "Y": -2988.40845,
      "Z": 227.231628,
      "Type": "None",
      "Action": ""
    },
    {
      "X": -6092.588,
      "Y": -2980.0918,
      "Z": 225.882065,
      "Type": "None",
      "Action": ""
    },
    {
      "X": -6091.471,
      "Y": -2974.49023,
      "Z": 216.3112,
      "Type": "None",
      "Action": ""
    },
    {
      "X": -6090.96533,
      "Y": -2971.95337,
      "Z": 207.7507,
      "Type": "None",
      "Action": ""
    },
    {
      "X": -6089.436,
      "Y": -2964.2854,
      "Z": 205.032288,
      "Type": "None",
      "Action": ""
    },
    {
      "X": -6087.15771,
      "Y": -2956.42456,
      "Z": 204.268936,
      "Type": "None",
      "Action": ""
    },
    {
      "X": -6076.90674,
      "Y": -2955.85962,
      "Z": 207.35965,
      "Type": "None",
      "Action": ""
    },
    {
      "X": -6065.37,
      "Y": -2955.21021,
      "Z": 209.771271,
      "Type": "None",
      "Action": ""
    },
    {
      "X": -6060.37,
      "Y": -2954.8103,
      "Z": 209.771271,
      "Type": "None",
      "Action": ""
    }
  ],
  "OffMeshConnections": [
    {
      "Path": [
        {
          "X": -351.532532,
          "Y": 114.583984,
          "Z": -44.48481,
          "Type": "None",
          "Action": ""
        },
        {
          "X": -341.5533,
          "Y": 116.49398,
          "Z": -54.1521873,
          "Type": "None",
          "Action": ""
        }
      ],
      "ContinentId": 70,
      "Type": 0,
      "TryToUseEvenIfCanFindPathSuccess": true,
      "Name": "Dig Two"
    },
    {
      "Path": [
        {
          "X": -6093.204,
          "Y": -2983.18115,
          "Z": 226.513046,
          "Type": "None",
          "Action": ""
        },
        {
          "X": -6090.96533,
          "Y": -2971.95337,
          "Z": 207.7507,
          "Type": "None",
          "Action": ""
        }
      ],
      "ContinentId": 70,
      "Type": 0,
      "TryToUseEvenIfCanFindPathSuccess": true,
      "Name": "Jump to ress"
    }
  ]
}