{
  "StepModels": [
    {
      "$type": "WholesomeDungeonCrawler.Models.MoveAlongPathModel, WholesomeDungeonCrawler",
      "Path": [
        {
          "X": 2592.55,
          "Y": 1107.5,
          "Z": 51.29,
          "Type": "None",
          "Action": ""
        },
        {
          "X": 2592.88916,
          "Y": 1095.21973,
          "Z": 52.5947037,
          "Type": "None",
          "Action": ""
        },
        {
          "X": 2593.1543,
          "Y": 1087.10437,
          "Z": 53.752388,
          "Type": "None",
          "Action": ""
        },
        {
          "X": 2594.06079,
          "Y": 1072.53748,
          "Z": 55.0575256,
          "Type": "None",
          "Action": ""
        },
        {
          "X": 2594.87061,
          "Y": 1058.56091,
          "Z": 54.48924,
          "Type": "None",
          "Action": ""
        },
        {
          "X": 2591.977,
          "Y": 1044.51184,
          "Z": 52.6623573,
          "Type": "None",
          "Action": ""
        },
        {
          "X": 2584.61572,
          "Y": 1032.73853,
          "Z": 50.5638428,
          "Type": "None",
          "Action": ""
        },
        {
          "X": 2577.921,
          "Y": 1026.27185,
          "Z": 50.82826,
          "Type": "None",
          "Action": ""
        },
        {
          "X": 2568.9397,
          "Y": 1014.90454,
          "Z": 52.16087,
          "Type": "None",
          "Action": ""
        },
        {
          "X": 2571.65649,
          "Y": 1005.12762,
          "Z": 52.5094643,
          "Type": "None",
          "Action": ""
        },
        {
          "X": 2583.1167,
          "Y": 996.224731,
          "Z": 54.13707,
          "Type": "None",
          "Action": ""
        },
        {
          "X": 2592.37085,
          "Y": 985.99054,
          "Z": 53.8010025,
          "Type": "None",
          "Action": ""
        },
        {
          "X": 2596.84,
          "Y": 972.2305,
          "Z": 52.8925934,
          "Type": "None",
          "Action": ""
        },
        {
          "X": 2591.1958,
          "Y": 959.915039,
          "Z": 51.88969,
          "Type": "None",
          "Action": ""
        },
        {
          "X": 2581.03882,
          "Y": 952.053955,
          "Z": 52.644268,
          "Type": "None",
          "Action": ""
        },
        {
          "X": 2573.02734,
          "Y": 944.4555,
          "Z": 53.4420624,
          "Type": "None",
          "Action": ""
        },
        {
          "X": 2567.57544,
          "Y": 954.915649,
          "Z": 52.34391,
          "Type": "None",
          "Action": ""
        },
        {
          "X": 2562.895,
          "Y": 964.258057,
          "Z": 51.3151321,
          "Type": "None",
          "Action": ""
        },
        {
          "X": 2552.897,
          "Y": 974.0257,
          "Z": 50.3498039,
          "Type": "None",
          "Action": ""
        },
        {
          "X": 2539.90771,
          "Y": 975.1644,
          "Z": 50.6354637,
          "Type": "None",
          "Action": ""
        },
        {
          "X": 2535.56543,
          "Y": 966.8916,
          "Z": 49.5581131,
          "Type": "None",
          "Action": ""
        },
        {
          "X": 2529.269,
          "Y": 954.388062,
          "Z": 49.4226227,
          "Type": "None",
          "Action": ""
        },
        {
          "X": 2524.411,
          "Y": 940.6815,
          "Z": 48.5270042,
          "Type": "None",
          "Action": ""
        },
        {
          "X": 2520.309,
          "Y": 928.5513,
          "Z": 47.06864,
          "Type": "None",
          "Action": ""
        },
        {
          "X": 2523.803,
          "Y": 921.298,
          "Z": 45.9876556,
          "Type": "None",
          "Action": ""
        },
        {
          "X": 2532.4585,
          "Y": 915.429138,
          "Z": 45.8860359,
          "Type": "None",
          "Action": ""
        },
        {
          "X": 2543.61865,
          "Y": 906.2276,
          "Z": 46.5260353,
          "Type": "None",
          "Action": ""
        },
        {
          "X": 2549.30469,
          "Y": 896.1067,
          "Z": 47.72658,
          "Type": "None",
          "Action": ""
        },
        {
          "X": 2547.27563,
          "Y": 887.114746,
          "Z": 47.7294273,
          "Type": "None",
          "Action": ""
        },
        {
          "X": 2538.676,
          "Y": 876.835632,
          "Z": 47.678112,
          "Type": "None",
          "Action": ""
        },
        {
          "X": 2530.37866,
          "Y": 874.8598,
          "Z": 47.678112,
          "Type": "None",
          "Action": ""
        },
        {
          "X": 2516.10425,
          "Y": 875.9137,
          "Z": 47.6788826,
          "Type": "None",
          "Action": ""
        },
        {
          "X": 2507.99487,
          "Y": 870.2478,
          "Z": 47.1145058,
          "Type": "None",
          "Action": ""
        },
        {
          "X": 2500.34741,
          "Y": 858.6875,
          "Z": 47.6781731,
          "Type": "None",
          "Action": ""
        },
        {
          "X": 2498.132,
          "Y": 848.3928,
          "Z": 48.01703,
          "Type": "None",
          "Action": ""
        },
        {
          "X": 2502.36182,
          "Y": 840.7364,
          "Z": 46.5437851,
          "Type": "None",
          "Action": ""
        },
        {
          "X": 2513.94214,
          "Y": 841.4318,
          "Z": 47.75565,
          "Type": "None",
          "Action": ""
        },
        {
          "X": 2523.56,
          "Y": 846.495,
          "Z": 47.5076,
          "Type": "None",
          "Action": ""
        },
        {
          "X": 2533.74121,
          "Y": 849.145935,
          "Z": 47.7320175,
          "Type": "None",
          "Action": ""
        },
        {
          "X": 2542.77612,
          "Y": 853.2,
          "Z": 51.12031,
          "Type": "None",
          "Action": ""
        },
        {
          "X": 2550.24121,
          "Y": 856.4813,
          "Z": 51.2419243,
          "Type": "None",
          "Action": ""
        }
      ],
      "Name": "Go to Gong",
      "Order": 0,
      "CompleteCondition": null
    },
    {
      "$type": "WholesomeDungeonCrawler.Models.InteractWithModel, WholesomeDungeonCrawler",
      "ObjectId": 148917,
      "ExpectedPosition": {
        "X": 2552.44,
        "Y": 856.984,
        "Z": 51.495,
        "Type": "None",
        "Action": ""
      },
      "StrictPosition": false,
      "FindClosest": true,
      "Name": "Hit Gong (1)",
      "Order": 1,
      "CompleteCondition": {
        "HasCompleteCondition": false,
        "ConditionType": 0,
        "GameObjectId": 0,
        "InitialFlags": 0,
        "ItemId": 0,
        "CSharpCondition": null,
        "DeadMobId": 0,
        "MobPositionId": 0,
        "MobId": 0,
        "MobPositionVector": null,
        "LOSPositionVector": null,
        "WaitTime": 0
      }
    },
    {
      "$type": "WholesomeDungeonCrawler.Models.MoveAlongPathModel, WholesomeDungeonCrawler",
      "Path": [
        {
          "X": 2546.819,
          "Y": 857.784546,
          "Z": 51.22602,
          "Type": "None",
          "Action": ""
        },
        {
          "X": 2540.64233,
          "Y": 863.477,
          "Z": 49.7731171,
          "Type": "None",
          "Action": ""
        },
        {
          "X": 2532.8103,
          "Y": 866.8139,
          "Z": 47.6782,
          "Type": "None",
          "Action": ""
        },
        {
          "X": 2524.176,
          "Y": 866.440247,
          "Z": 47.6782,
          "Type": "None",
          "Action": ""
        },
        {
          "X": 2515.89722,
          "Y": 863.6948,
          "Z": 47.6782,
          "Type": "None",
          "Action": ""
        },
        {
          "X": 2510.95752,
          "Y": 857.3048,
          "Z": 47.6782,
          "Type": "None",
          "Action": ""
        },
        {
          "X": 2513.3335,
          "Y": 849.4023,
          "Z": 47.6782,
          "Type": "None",
          "Action": ""
        },
        {
          "X": 2521.589,
          "Y": 847.8591,
          "Z": 47.56955,
          "Type": "None",
          "Action": ""
        },
        {
          "X": 2530.23657,
          "Y": 849.1824,
          "Z": 47.9450226,
          "Type": "None",
          "Action": ""
        },
        {
          "X": 2538.598,
          "Y": 851.0092,
          "Z": 49.3042755,
          "Type": "None",
          "Action": ""
        },
        {
          "X": 2546.32324,
          "Y": 854.63855,
          "Z": 51.2493,
          "Type": "None",
          "Action": ""
        }
      ],
      "Name": "Hang around",
      "Order": 2,
      "CompleteCondition": null
    },
    {
      "$type": "WholesomeDungeonCrawler.Models.InteractWithModel, WholesomeDungeonCrawler",
      "ObjectId": 148917,
      "ExpectedPosition": {
        "X": 2543.6,
        "Y": 850.734,
        "Z": 51.312,
        "Type": "None",
        "Action": ""
      },
      "StrictPosition": false,
      "FindClosest": true,
      "Name": "Hit Gong (2)",
      "Order": 3,
      "CompleteCondition": {
        "HasCompleteCondition": false,
        "ConditionType": 0,
        "GameObjectId": 0,
        "InitialFlags": 0,
        "ItemId": 0,
        "CSharpCondition": null,
        "DeadMobId": 0,
        "MobPositionId": 0,
        "MobId": 0,
        "MobPositionVector": null,
        "LOSPositionVector": null,
        "WaitTime": 0
      }
    },
    {
      "$type": "WholesomeDungeonCrawler.Models.MoveAlongPathModel, WholesomeDungeonCrawler",
      "Path": [
        {
          "X": 2549.742,
          "Y": 856.415466,
          "Z": 51.2418365,
          "Type": "None",
          "Action": ""
        },
        {
          "X": 2543.47437,
          "Y": 862.7683,
          "Z": 50.249836,
          "Type": "None",
          "Action": ""
        },
        {
          "X": 2537.31348,
          "Y": 868.625244,
          "Z": 47.67823,
          "Type": "None",
          "Action": ""
        },
        {
          "X": 2529.327,
          "Y": 872.2084,
          "Z": 47.67823,
          "Type": "None",
          "Action": ""
        },
        {
          "X": 2521.235,
          "Y": 875.0233,
          "Z": 47.67823,
          "Type": "None",
          "Action": ""
        },
        {
          "X": 2512.81958,
          "Y": 875.7609,
          "Z": 47.32389,
          "Type": "None",
          "Action": ""
        },
        {
          "X": 2507.15015,
          "Y": 869.3494,
          "Z": 47.2513847,
          "Type": "None",
          "Action": ""
        },
        {
          "X": 2503.37573,
          "Y": 861.666748,
          "Z": 47.678196,
          "Type": "None",
          "Action": ""
        },
        {
          "X": 2501.76343,
          "Y": 853.1485,
          "Z": 47.678196,
          "Type": "None",
          "Action": ""
        },
        {
          "X": 2506.22437,
          "Y": 845.9025,
          "Z": 47.3839874,
          "Type": "None",
          "Action": ""
        },
        {
          "X": 2514.49121,
          "Y": 846.127747,
          "Z": 47.67839,
          "Type": "None",
          "Action": ""
        },
        {
          "X": 2521.23267,
          "Y": 851.3877,
          "Z": 47.67342,
          "Type": "None",
          "Action": ""
        },
        {
          "X": 2529.771,
          "Y": 851.048767,
          "Z": 47.7996063,
          "Type": "None",
          "Action": ""
        },
        {
          "X": 2538.29785,
          "Y": 850.8403,
          "Z": 49.14699,
          "Type": "None",
          "Action": ""
        },
        {
          "X": 2546.31665,
          "Y": 854.096863,
          "Z": 51.2722168,
          "Type": "None",
          "Action": ""
        }
      ],
      "Name": "Hang Around",
      "Order": 4,
      "CompleteCondition": null
    },
    {
      "$type": "WholesomeDungeonCrawler.Models.InteractWithModel, WholesomeDungeonCrawler",
      "ObjectId": 148917,
      "ExpectedPosition": {
        "X": 2543.6,
        "Y": 850.734,
        "Z": 51.312,
        "Type": "None",
        "Action": ""
      },
      "StrictPosition": false,
      "FindClosest": true,
      "Name": "Hit Gong (3)",
      "Order": 5,
      "CompleteCondition": {
        "HasCompleteCondition": false,
        "ConditionType": 0,
        "GameObjectId": 0,
        "InitialFlags": 0,
        "ItemId": 0,
        "CSharpCondition": null,
        "DeadMobId": 0,
        "MobPositionId": 0,
        "MobId": 0,
        "MobPositionVector": null,
        "LOSPositionVector": null,
        "WaitTime": 0
      }
    },
    {
      "$type": "WholesomeDungeonCrawler.Models.MoveAlongPathModel, WholesomeDungeonCrawler",
      "Path": [
        {
          "X": 2550.515,
          "Y": 856.8196,
          "Z": 51.2421227,
          "Type": "None",
          "Action": ""
        },
        {
          "X": 2544.137,
          "Y": 861.7073,
          "Z": 50.5466728,
          "Type": "None",
          "Action": ""
        },
        {
          "X": 2537.3645,
          "Y": 866.9697,
          "Z": 48.019558,
          "Type": "None",
          "Action": ""
        },
        {
          "X": 2529.238,
          "Y": 869.551758,
          "Z": 47.67825,
          "Type": "None",
          "Action": ""
        },
        {
          "X": 2520.54443,
          "Y": 868.6509,
          "Z": 47.67825,
          "Type": "None",
          "Action": ""
        },
        {
          "X": 2512.43481,
          "Y": 865.9086,
          "Z": 47.5930519,
          "Type": "None",
          "Action": ""
        },
        {
          "X": 2505.385,
          "Y": 860.8465,
          "Z": 47.67819,
          "Type": "None",
          "Action": ""
        },
        {
          "X": 2506.22583,
          "Y": 852.7694,
          "Z": 47.67819,
          "Type": "None",
          "Action": ""
        },
        {
          "X": 2516.03052,
          "Y": 854.778748,
          "Z": 47.67819,
          "Type": "None",
          "Action": ""
        }
      ],
      "Name": "Boss 1",
      "Order": 6,
      "CompleteCondition": {
        "HasCompleteCondition": false,
        "ConditionType": 0,
        "GameObjectId": 0,
        "InitialFlags": 0,
        "ItemId": 0,
        "CSharpCondition": null,
        "DeadMobId": 0,
        "MobPositionId": 0,
        "MobId": 0,
        "MobPositionVector": null,
        "LOSPositionVector": null,
        "WaitTime": 0
      }
    },
    {
      "$type": "WholesomeDungeonCrawler.Models.MoveAlongPathModel, WholesomeDungeonCrawler",
      "Path": [
        {
          "X": 2508.27759,
          "Y": 847.8731,
          "Z": 47.67819,
          "Type": "None",
          "Action": ""
        },
        {
          "X": 2501.32935,
          "Y": 842.5261,
          "Z": 46.5821877,
          "Type": "None",
          "Action": ""
        },
        {
          "X": 2494.74756,
          "Y": 836.8418,
          "Z": 45.4450645,
          "Type": "None",
          "Action": ""
        },
        {
          "X": 2489.9165,
          "Y": 829.842041,
          "Z": 44.27154,
          "Type": "None",
          "Action": ""
        },
        {
          "X": 2487.9895,
          "Y": 821.381836,
          "Z": 43.5949974,
          "Type": "None",
          "Action": ""
        },
        {
          "X": 2487.55078,
          "Y": 812.646362,
          "Z": 43.0811729,
          "Type": "None",
          "Action": ""
        },
        {
          "X": 2489.236,
          "Y": 804.254456,
          "Z": 43.11443,
          "Type": "None",
          "Action": ""
        },
        {
          "X": 2492.77612,
          "Y": 796.3111,
          "Z": 40.9495735,
          "Type": "None",
          "Action": ""
        },
        {
          "X": 2498.08057,
          "Y": 789.3439,
          "Z": 39.44853,
          "Type": "None",
          "Action": ""
        },
        {
          "X": 2506.5835,
          "Y": 791.7897,
          "Z": 40.8197479,
          "Type": "None",
          "Action": ""
        },
        {
          "X": 2514.62,
          "Y": 795.2682,
          "Z": 42.8111076,
          "Type": "None",
          "Action": ""
        },
        {
          "X": 2524.014,
          "Y": 796.4169,
          "Z": 45.1242371,
          "Type": "None",
          "Action": ""
        },
        {
          "X": 2528.36816,
          "Y": 789.7513,
          "Z": 46.1451721,
          "Type": "None",
          "Action": ""
        },
        {
          "X": 2533.95972,
          "Y": 783.3865,
          "Z": 46.53866,
          "Type": "None",
          "Action": ""
        },
        {
          "X": 2539.28784,
          "Y": 776.5362,
          "Z": 46.8249,
          "Type": "None",
          "Action": ""
        },
        {
          "X": 2544.51782,
          "Y": 769.724,
          "Z": 48.2078323,
          "Type": "None",
          "Action": ""
        },
        {
          "X": 2549.46655,
          "Y": 762.7425,
          "Z": 50.4939423,
          "Type": "None",
          "Action": ""
        },
        {
          "X": 2554.53052,
          "Y": 755.598267,
          "Z": 52.71649,
          "Type": "None",
          "Action": ""
        },
        {
          "X": 2559.58862,
          "Y": 748.4625,
          "Z": 54.4521751,
          "Type": "None",
          "Action": ""
        },
        {
          "X": 2552.32764,
          "Y": 742.352539,
          "Z": 54.34997,
          "Type": "None",
          "Action": ""
        },
        {
          "X": 2544.72388,
          "Y": 745.3416,
          "Z": 54.0941772,
          "Type": "None",
          "Action": ""
        },
        {
          "X": 2536.97729,
          "Y": 749.7724,
          "Z": 53.8893433,
          "Type": "None",
          "Action": ""
        },
        {
          "X": 2527.50952,
          "Y": 749.1612,
          "Z": 53.92459,
          "Type": "None",
          "Action": ""
        },
        {
          "X": 2520.36035,
          "Y": 744.419739,
          "Z": 53.0365372,
          "Type": "None",
          "Action": ""
        },
        {
          "X": 2513.08838,
          "Y": 739.5598,
          "Z": 53.8042641,
          "Type": "None",
          "Action": ""
        },
        {
          "X": 2505.99683,
          "Y": 734.4456,
          "Z": 54.1491241,
          "Type": "None",
          "Action": ""
        },
        {
          "X": 2499.07153,
          "Y": 729.085938,
          "Z": 53.75568,
          "Type": "None",
          "Action": ""
        },
        {
          "X": 2492.81787,
          "Y": 723.3029,
          "Z": 54.10592,
          "Type": "None",
          "Action": ""
        },
        {
          "X": 2487.47778,
          "Y": 717.142639,
          "Z": 54.0302467,
          "Type": "None",
          "Action": ""
        },
        {
          "X": 2479.58838,
          "Y": 712.551453,
          "Z": 54.052227,
          "Type": "None",
          "Action": ""
        },
        {
          "X": 2474.85034,
          "Y": 704.7191,
          "Z": 53.9419174,
          "Type": "None",
          "Action": ""
        },
        {
          "X": 2471.75342,
          "Y": 696.888245,
          "Z": 54.0412369,
          "Type": "None",
          "Action": ""
        },
        {
          "X": 2468.63721,
          "Y": 688.899536,
          "Z": 55.27854,
          "Type": "None",
          "Action": ""
        },
        {
          "X": 2464.69458,
          "Y": 684.103333,
          "Z": 60.7736664,
          "Type": "None",
          "Action": ""
        },
        {
          "X": 2465.13086,
          "Y": 676.0402,
          "Z": 63.62811,
          "Type": "None",
          "Action": ""
        },
        {
          "X": 2463.90356,
          "Y": 684.2403,
          "Z": 61.0977249,
          "Type": "None",
          "Action": ""
        },
        {
          "X": 2463.00586,
          "Y": 691.0707,
          "Z": 55.7872,
          "Type": "None",
          "Action": ""
        },
        {
          "X": 2461.85059,
          "Y": 699.4659,
          "Z": 54.6074181,
          "Type": "None",
          "Action": ""
        },
        {
          "X": 2453.58081,
          "Y": 700.570435,
          "Z": 54.46032,
          "Type": "None",
          "Action": ""
        },
        {
          "X": 2449.92725,
          "Y": 693.108337,
          "Z": 55.09029,
          "Type": "None",
          "Action": ""
        },
        {
          "X": 2448.72632,
          "Y": 684.525269,
          "Z": 55.90736,
          "Type": "None",
          "Action": ""
        },
        {
          "X": 2447.80225,
          "Y": 676.056641,
          "Z": 56.4417953,
          "Type": "None",
          "Action": ""
        },
        {
          "X": 2447.547,
          "Y": 667.5968,
          "Z": 55.45418,
          "Type": "None",
          "Action": ""
        },
        {
          "X": 2450.28931,
          "Y": 659.50354,
          "Z": 54.7721558,
          "Type": "None",
          "Action": ""
        },
        {
          "X": 2455.02222,
          "Y": 652.5236,
          "Z": 54.6628571,
          "Type": "None",
          "Action": ""
        },
        {
          "X": 2462.97437,
          "Y": 649.6216,
          "Z": 54.6201019,
          "Type": "None",
          "Action": ""
        },
        {
          "X": 2471.47,
          "Y": 650.079468,
          "Z": 54.57622,
          "Type": "None",
          "Action": ""
        },
        {
          "X": 2479.38159,
          "Y": 652.8674,
          "Z": 54.5313644,
          "Type": "None",
          "Action": ""
        },
        {
          "X": 2485.1123,
          "Y": 659.0982,
          "Z": 54.55157,
          "Type": "None",
          "Action": ""
        },
        {
          "X": 2489.434,
          "Y": 666.2727,
          "Z": 54.5379753,
          "Type": "None",
          "Action": ""
        },
        {
          "X": 2493.417,
          "Y": 673.745544,
          "Z": 54.17679,
          "Type": "None",
          "Action": ""
        },
        {
          "X": 2497.71533,
          "Y": 681.0525,
          "Z": 54.4649773,
          "Type": "None",
          "Action": ""
        },
        {
          "X": 2502.243,
          "Y": 688.642,
          "Z": 53.52981,
          "Type": "None",
          "Action": ""
        }
      ],
      "Name": "Boss 2",
      "Order": 7,
      "CompleteCondition": {
        "HasCompleteCondition": false,
        "ConditionType": 0,
        "GameObjectId": 0,
        "InitialFlags": 0,
        "ItemId": 0,
        "CSharpCondition": null,
        "DeadMobId": 0,
        "MobPositionId": 0,
        "MobId": 0,
        "MobPositionVector": null,
        "LOSPositionVector": null,
        "WaitTime": 0
      }
    },
    {
      "$type": "WholesomeDungeonCrawler.Models.MoveAlongPathModel, WholesomeDungeonCrawler",
      "Path": [        
        {
          "X": 2500.78564,
          "Y": 690.793335,
          "Z": 53.4412651,
          "Type": "None",
          "Action": ""
        },
        {
          "X": 2508.86182,
          "Y": 702.214966,
          "Z": 48.3725624,
          "Type": "None",
          "Action": ""
        },
        {
          "X": 2514.33838,
          "Y": 715.690369,
          "Z": 43.05408,
          "Type": "None",
          "Action": ""
        },
        {
          "X": 2517.99121,
          "Y": 729.8208,
          "Z": 40.3945,
          "Type": "None",
          "Action": ""
        },
        {
          "X": 2520.05713,
          "Y": 741.202759,
          "Z": 40.2589035,
          "Type": "None",
          "Action": ""
        },
        {
          "X": 2514.36182,
          "Y": 752.6931,
          "Z": 39.6876755,
          "Type": "None",
          "Action": ""
        },
        {
          "X": 2502.28052,
          "Y": 750.9135,
          "Z": 40.6944733,
          "Type": "None",
          "Action": ""
        },
        {
          "X": 2492.27954,
          "Y": 747.7194,
          "Z": 43.5994263,
          "Type": "None",
          "Action": ""
        },
        {
          "X": 2482.59253,
          "Y": 746.63385,
          "Z": 46.061657,
          "Type": "None",
          "Action": ""
        },
        {
          "X": 2472.15723,
          "Y": 755.635254,
          "Z": 46.0767746,
          "Type": "None",
          "Action": ""
        },
        {
          "X": 2462.4104,
          "Y": 766.4984,
          "Z": 45.43248,
          "Type": "None",
          "Action": ""
        },
        {
          "X": 2453.57373,
          "Y": 777.3491,
          "Z": 43.9081879,
          "Type": "None",
          "Action": ""
        },
        {
          "X": 2447.42676,
          "Y": 790.4822,
          "Z": 42.8617973,
          "Type": "None",
          "Action": ""
        },
        {
          "X": 2443.92944,
          "Y": 804.6367,
          "Z": 42.4619865,
          "Type": "None",
          "Action": ""
        },
        {
          "X": 2442.81177,
          "Y": 819.117859,
          "Z": 42.2094078,
          "Type": "None",
          "Action": ""
        },
        {
          "X": 2444.43823,
          "Y": 833.6043,
          "Z": 41.980938,
          "Type": "None",
          "Action": ""
        },
        {
          "X": 2448.72925,
          "Y": 847.5373,
          "Z": 40.4346,
          "Type": "None",
          "Action": ""
        },
        {
          "X": 2453.61914,
          "Y": 861.2516,
          "Z": 37.4006348,
          "Type": "None",
          "Action": ""
        },
        {
          "X": 2458.93384,
          "Y": 874.2013,
          "Z": 34.7693367,
          "Type": "None",
          "Action": ""
        },
        {
          "X": 2467.5708,
          "Y": 894.603333,
          "Z": 28.4622154,
          "Type": "None",
          "Action": ""
        },
        {
          "X": 2468.43262,
          "Y": 905.7413,
          "Z": 27.2105446,
          "Type": "None",
          "Action": ""
        },
        {
          "X": 2468.92627,
          "Y": 916.2297,
          "Z": 26.3024216,
          "Type": "None",
          "Action": ""
        },
        {
          "X": 2469.44629,
          "Y": 927.277466,
          "Z": 24.5259571,
          "Type": "None",
          "Action": ""
        },
        {
          "X": 2474.10449,
          "Y": 940.9969,
          "Z": 23.6658516,
          "Type": "None",
          "Action": ""
        },
        {
          "X": 2479.48779,
          "Y": 953.920044,
          "Z": 23.5834923,
          "Type": "None",
          "Action": ""
        },
        {
          "X": 2481.255,
          "Y": 968.2937,
          "Z": 23.62401,
          "Type": "None",
          "Action": ""
        },
        {
          "X": 2477.72021,
          "Y": 982.381348,
          "Z": 23.28649,
          "Type": "None",
          "Action": ""
        },
        {
          "X": 2472.88818,
          "Y": 995.48175,
          "Z": 23.3585453,
          "Type": "None",
          "Action": ""
        },
        {
          "X": 2465.85,
          "Y": 1008.21027,
          "Z": 24.087204,
          "Type": "None",
          "Action": ""
        },
        {
          "X": 2457.4187,
          "Y": 1020.20905,
          "Z": 24.947401,
          "Type": "None",
          "Action": ""
        },
        {
          "X": 2449.06567,
          "Y": 1032.09192,
          "Z": 24.6406937,
          "Type": "None",
          "Action": ""
        },
        {
          "X": 2443.38,
          "Y": 1037.83826,
          "Z": 24.4749222,
          "Type": "None",
          "Action": ""
        },
        {
          "X": 2435.065,
          "Y": 1040.56458,
          "Z": 24.3533287,
          "Type": "None",
          "Action": ""
        },
        {
          "X": 2426.38013,
          "Y": 1041.872,
          "Z": 24.6306229,
          "Type": "None",
          "Action": ""
        },
        {
          "X": 2417.666,
          "Y": 1042.63428,
          "Z": 25.1843567,
          "Type": "None",
          "Action": ""
        },
        {
          "X": 2406.01782,
          "Y": 1043.03589,
          "Z": 25.2657738,
          "Type": "None",
          "Action": ""
        },
        {
          "X": 2393.2085,
          "Y": 1042.95923,
          "Z": 24.6008778,
          "Type": "None",
          "Action": ""
        },
        {
          "X": 2378.808,
          "Y": 1040.87866,
          "Z": 24.8002777,
          "Type": "None",
          "Action": ""
        },
        {
          "X": 2364.61426,
          "Y": 1037.63428,
          "Z": 25.1396751,
          "Type": "None",
          "Action": ""
        },
        {
          "X": 2352.794,
          "Y": 1031.23767,
          "Z": 25.23685,
          "Type": "None",
          "Action": ""
        },
        {
          "X": 2346.11084,
          "Y": 1020.26831,
          "Z": 25.2748947,
          "Type": "None",
          "Action": ""
        },
        {
          "X": 2338.76978,
          "Y": 1007.65454,
          "Z": 25.66163,
          "Type": "None",
          "Action": ""
        },
        {
          "X": 2332.187,
          "Y": 995.339355,
          "Z": 26.0223045,
          "Type": "None",
          "Action": ""
        },
        {
          "X": 2326.21265,
          "Y": 982.0617,
          "Z": 26.2838249,
          "Type": "None",
          "Action": ""
        },
        {
          "X": 2322.78784,
          "Y": 969.1236,
          "Z": 26.569664,
          "Type": "None",
          "Action": ""
        },
        {
          "X": 2325.696,
          "Y": 957.3391,
          "Z": 26.7962666,
          "Type": "None",
          "Action": ""
        },
        {
          "X": 2329.37036,
          "Y": 950.0587,
          "Z": 27.0298061,
          "Type": "None",
          "Action": ""
        },
        {
          "X": 2334.03223,
          "Y": 942.6973,
          "Z": 27.3168545,
          "Type": "None",
          "Action": ""
        },
        {
          "X": 2342.228,
          "Y": 932.814148,
          "Z": 27.7933674,
          "Type": "None",
          "Action": ""
        },
        {
          "X": 2349.90137,
          "Y": 926.5583,
          "Z": 28.2598286,
          "Type": "None",
          "Action": ""
        },
        {
          "X": 2357.39233,
          "Y": 922.0429,
          "Z": 28.7096634,
          "Type": "None",
          "Action": ""
        },
        {
          "X": 2365.969,
          "Y": 917.0882,
          "Z": 28.9605751,
          "Type": "None",
          "Action": ""
        },
        {
          "X": 2378.2522,
          "Y": 910.3025,
          "Z": 29.09818,
          "Type": "None",
          "Action": ""
        },
        {
          "X": 2387.80078,
          "Y": 905.9394,
          "Z": 29.0738869,
          "Type": "None",
          "Action": ""
        },
        {
          "X": 2395.65576,
          "Y": 904.235352,
          "Z": 29.4202251,
          "Type": "None",
          "Action": ""
        },
        {
          "X": 2408.37476,
          "Y": 905.741943,
          "Z": 31.2822533,
          "Type": "None",
          "Action": ""
        },
        {
          "X": 2417.63525,
          "Y": 909.039,
          "Z": 32.13187,
          "Type": "None",
          "Action": ""
        },
        {
          "X": 2425.086,
          "Y": 914.6796,
          "Z": 32.7237434,
          "Type": "None",
          "Action": ""
        },
        {
          "X": 2435.00854,
          "Y": 924.5064,
          "Z": 33.8806152,
          "Type": "None",
          "Action": ""
        },
        {
          "X": 2442.77173,
          "Y": 937.362366,
          "Z": 35.2291451,
          "Type": "None",
          "Action": ""
        },
        {
          "X": 2442.97,
          "Y": 950.693542,
          "Z": 35.7202,
          "Type": "None",
          "Action": ""
        }
      ],
      "Name": "Boss 3",
      "Order": 8,
      "CompleteCondition": null
    },
    {
      "$type": "WholesomeDungeonCrawler.Models.MoveAlongPathModel, WholesomeDungeonCrawler",
      "Path": [
        {
          "X": 2446.75513,
          "Y": 967.565063,
          "Z": 36.2366,
          "Type": "None",
          "Action": ""
        },
        {
          "X": 2450.09814,
          "Y": 978.1445,
          "Z": 36.1939278,
          "Type": "None",
          "Action": ""
        },
        {
          "X": 2452.88525,
          "Y": 988.228455,
          "Z": 35.95759,
          "Type": "None",
          "Action": ""
        },
        {
          "X": 2451.27271,
          "Y": 996.568,
          "Z": 36.86879,
          "Type": "None",
          "Action": ""
        },
        {
          "X": 2445.319,
          "Y": 1003.67053,
          "Z": 38.6423569,
          "Type": "None",
          "Action": ""
        },
        {
          "X": 2437.825,
          "Y": 1010.19995,
          "Z": 37.8680077,
          "Type": "None",
          "Action": ""
        },
        {
          "X": 2427.929,
          "Y": 1017.23431,
          "Z": 37.023777,
          "Type": "None",
          "Action": ""
        },
        {
          "X": 2418.08838,
          "Y": 1016.83075,
          "Z": 37.0091438,
          "Type": "None",
          "Action": ""
        },
        {
          "X": 2409.17383,
          "Y": 1014.03741,
          "Z": 37.4104271,
          "Type": "None",
          "Action": ""
        },
        {
          "X": 2395.521,
          "Y": 1016.18384,
          "Z": 37.6670761,
          "Type": "None",
          "Action": ""
        },
        {
          "X": 2385.772,
          "Y": 1014.24414,
          "Z": 37.95884,
          "Type": "None",
          "Action": ""
        },
        {
          "X": 2371.99561,
          "Y": 1009.6308,
          "Z": 37.8113327,
          "Type": "None",
          "Action": ""
        },
        {
          "X": 2364.093,
          "Y": 1004.68488,
          "Z": 37.5372124,
          "Type": "None",
          "Action": ""
        },
        {
          "X": 2356.11133,
          "Y": 993.2654,
          "Z": 39.7305336,
          "Type": "None",
          "Action": ""
        },
        {
          "X": 2352.79614,
          "Y": 983.266357,
          "Z": 39.6479225,
          "Type": "None",
          "Action": ""
        },
        {
          "X": 2350.36,
          "Y": 974.280762,
          "Z": 40.3447227,
          "Type": "None",
          "Action": ""
        },
        {
          "X": 2348.35913,
          "Y": 966.3767,
          "Z": 41.697216,
          "Type": "None",
          "Action": ""
        },
        {
          "X": 2350.99976,
          "Y": 955.6766,
          "Z": 42.5700226,
          "Type": "None",
          "Action": ""
        },
        {
          "X": 2357.56226,
          "Y": 949.1085,
          "Z": 41.6735878,
          "Type": "None",
          "Action": ""
        },
        {
          "X": 2368.79175,
          "Y": 939.786743,
          "Z": 42.2324677,
          "Type": "None",
          "Action": ""
        },
        {
          "X": 2381.37427,
          "Y": 932.638367,
          "Z": 41.7166367,
          "Type": "None",
          "Action": ""
        },
        {
          "X": 2389.32544,
          "Y": 930.8458,
          "Z": 41.6532249,
          "Type": "None",
          "Action": ""
        },
        {
          "X": 2400.34375,
          "Y": 930.1083,
          "Z": 42.3332329,
          "Type": "None",
          "Action": ""
        },
        {
          "X": 2412.22559,
          "Y": 932.578247,
          "Z": 43.94539,
          "Type": "None",
          "Action": ""
        },
        {
          "X": 2418.91235,
          "Y": 937.083252,
          "Z": 43.946804,
          "Type": "None",
          "Action": ""
        },
        {
          "X": 2424.20874,
          "Y": 944.681763,
          "Z": 45.2732048,
          "Type": "None",
          "Action": ""
        },
        {
          "X": 2425.51831,
          "Y": 954.5346,
          "Z": 45.4383125,
          "Type": "None",
          "Action": ""
        },
        {
          "X": 2427.965,
          "Y": 968.8855,
          "Z": 46.7015572,
          "Type": "None",
          "Action": ""
        },
        {
          "X": 2429.20483,
          "Y": 979.855042,
          "Z": 48.0822067,
          "Type": "None",
          "Action": ""
        },
        {
          "X": 2426.13647,
          "Y": 987.4485,
          "Z": 48.99587,
          "Type": "None",
          "Action": ""
        },
        {
          "X": 2422.47583,
          "Y": 994.6282,
          "Z": 49.19095,
          "Type": "None",
          "Action": ""
        },
        {
          "X": 2414.31738,
          "Y": 997.605164,
          "Z": 50.17976,
          "Type": "None",
          "Action": ""
        },
        {
          "X": 2405.03271,
          "Y": 997.67804,
          "Z": 51.84581,
          "Type": "None",
          "Action": ""
        },
        {
          "X": 2391.5813,
          "Y": 993.801636,
          "Z": 53.3287048,
          "Type": "None",
          "Action": ""
        },
        {
          "X": 2383.50732,
          "Y": 990.489563,
          "Z": 53.9283,
          "Type": "None",
          "Action": ""
        },
        {
          "X": 2380.607,
          "Y": 981.022766,
          "Z": 55.1875572,
          "Type": "None",
          "Action": ""
        },
        {
          "X": 2390.61963,
          "Y": 970.7192,
          "Z": 55.8012962,
          "Type": "None",
          "Action": ""
        },
        {
          "X": 2402.57568,
          "Y": 962.4104,
          "Z": 55.3281,
          "Type": "None",
          "Action": ""
        }
      ],
      "Name": "Boss 4",
      "Order": 9,
      "CompleteCondition": null
    }
  ],
  "MapId": 129,
  "Name": "RFD",
  "Faction": 2,
  "DeathRunPath": [],
  "OffMeshConnections": []
}