{
  "StepModels": [
    {
      "$type": "WholesomeDungeonCrawler.Models.MoveAlongPathModel, WholesomeDungeonCrawler",
      "Path": [
        {
          "X": -327.8571,
          "Y": -4.20947027,
          "Z": -152.845337,
          "Type": "None",
          "Action": ""
        },
        {
          "X": -333.1682,
          "Y": -1.59166265,
          "Z": -152.845337,
          "Type": "None",
          "Action": ""
        },
        {
          "X": -338.228729,
          "Y": 0.903030157,
          "Z": -152.845337,
          "Type": "None",
          "Action": ""
        },
        {
          "X": -343.37085,
          "Y": 3.43796,
          "Z": -152.845337,
          "Type": "None",
          "Action": ""
        },
        {
          "X": -348.462738,
          "Y": 5.9481287,
          "Z": -152.848129,
          "Type": "None",
          "Action": ""
        },
        {
          "X": -353.598572,
          "Y": 8.479963,
          "Z": -152.849564,
          "Type": "None",
          "Action": ""
        },
        {
          "X": -358.7407,
          "Y": 11.0148935,
          "Z": -152.8555,
          "Type": "None",
          "Action": ""
        },
        {
          "X": -363.056244,
          "Y": 14.5933084,
          "Z": -153.121414,
          "Type": "None",
          "Action": ""
        },
        {
          "X": -366.6795,
          "Y": 18.9066887,
          "Z": -153.388733,
          "Type": "None",
          "Action": ""
        },
        {
          "X": -370.532043,
          "Y": 23.16174,
          "Z": -153.662,
          "Type": "None",
          "Action": ""
        },
        {
          "X": -374.479828,
          "Y": 27.2502117,
          "Z": -153.933609,
          "Type": "None",
          "Action": ""
        },
        {
          "X": -378.4437,
          "Y": 31.2651863,
          "Z": -154.203186,
          "Type": "None",
          "Action": ""
        },
        {
          "X": -382.591736,
          "Y": 35.2325478,
          "Z": -154.477356,
          "Type": "None",
          "Action": ""
        },
        {
          "X": -386.7457,
          "Y": 39.18375,
          "Z": -154.7512,
          "Type": "None",
          "Action": ""
        },
        {
          "X": -390.833221,
          "Y": 43.0006447,
          "Z": -154.7898,
          "Type": "None",
          "Action": ""
        },
        {
          "X": -395.3028,
          "Y": 46.58334,
          "Z": -154.800735,
          "Type": "None",
          "Action": ""
        },
        {
          "X": -400.658936,
          "Y": 46.1597023,
          "Z": -154.787216,
          "Type": "None",
          "Action": ""
        },
        {
          "X": -405.579224,
          "Y": 42.9426346,
          "Z": -154.77153,
          "Type": "None",
          "Action": ""
        },
        {
          "X": -410.802124,
          "Y": 41.08651,
          "Z": -154.744766,
          "Type": "None",
          "Action": ""
        },
        {
          "X": -419.5145,
          "Y": 40.0800819,
          "Z": -154.7433,
          "Type": "None",
          "Action": ""
        },
        {
          "X": -427.911774,
          "Y": 40.29448,
          "Z": -154.7433,
          "Type": "None",
          "Action": ""
        },
        {
          "X": -438.1658,
          "Y": 40.38322,
          "Z": -154.7433,
          "Type": "None",
          "Action": ""
        },
        {
          "X": -450.975769,
          "Y": 40.40837,
          "Z": -154.7433,
          "Type": "None",
          "Action": ""
        },
        {
          "X": -462.210449,
          "Y": 40.46328,
          "Z": -154.7433,
          "Type": "None",
          "Action": ""
        },
        {
          "X": -470.161163,
          "Y": 43.26892,
          "Z": -154.739792,
          "Type": "None",
          "Action": ""
        },
        {
          "X": -476.9398,
          "Y": 48.85591,
          "Z": -154.745148,
          "Type": "None",
          "Action": ""
        },
        {
          "X": -485.101624,
          "Y": 54.28833,
          "Z": -156.980408,
          "Type": "None",
          "Action": ""
        },
        {
          "X": -492.62558,
          "Y": 63.78353,
          "Z": -154.801529,
          "Type": "None",
          "Action": ""
        },
        {
          "X": -498.378418,
          "Y": 70.4181,
          "Z": -154.792114,
          "Type": "None",
          "Action": ""
        },
        {
          "X": -504.333984,
          "Y": 77.6647,
          "Z": -154.770355,
          "Type": "None",
          "Action": ""
        },
        {
          "X": -508.593018,
          "Y": 87.35907,
          "Z": -154.743759,
          "Type": "None",
          "Action": ""
        },
        {
          "X": -508.587219,
          "Y": 96.98301,
          "Z": -154.743759,
          "Type": "None",
          "Action": ""
        },
        {
          "X": -508.373627,
          "Y": 109.196121,
          "Z": -154.743759,
          "Type": "None",
          "Action": ""
        },
        {
          "X": -508.211182,
          "Y": 118.539566,
          "Z": -154.743759,
          "Type": "None",
          "Action": ""
        },
        {
          "X": -507.902039,
          "Y": 129.035,
          "Z": -154.743759,
          "Type": "None",
          "Action": ""
        },
        {
          "X": -506.752655,
          "Y": 138.976013,
          "Z": -154.740784,
          "Type": "None",
          "Action": ""
        },
        {
          "X": -501.398743,
          "Y": 145.028229,
          "Z": -154.71904,
          "Type": "None",
          "Action": ""
        },
        {
          "X": -492.014771,
          "Y": 152.794144,
          "Z": -154.719238,
          "Type": "None",
          "Action": ""
        },
        {
          "X": -490.046448,
          "Y": 161.563416,
          "Z": -154.700745,
          "Type": "None",
          "Action": ""
        },
        {
          "X": -497.500366,
          "Y": 169.780029,
          "Z": -154.6983,
          "Type": "None",
          "Action": ""
        },
        {
          "X": -503.773682,
          "Y": 177.435577,
          "Z": -155.236252,
          "Type": "None",
          "Action": ""
        },
        {
          "X": -503.090942,
          "Y": 186.8324,
          "Z": -155.236252,
          "Type": "None",
          "Action": ""
        },
        {
          "X": -496.968964,
          "Y": 193.739487,
          "Z": -155.236252,
          "Type": "None",
          "Action": ""
        },
        {
          "X": -490.50946,
          "Y": 198.714127,
          "Z": -159.19017,
          "Type": "None",
          "Action": ""
        },
        {
          "X": -486.454376,
          "Y": 206.066742,
          "Z": -161.986679,
          "Type": "None",
          "Action": ""
        },
        {
          "X": -488.6828,
          "Y": 214.378662,
          "Z": -165.895889,
          "Type": "None",
          "Action": ""
        },
        {
          "X": -493.2464,
          "Y": 223.333511,
          "Z": -172.387756,
          "Type": "None",
          "Action": ""
        },
        {
          "X": -501.096527,
          "Y": 229.746216,
          "Z": -175.486588,
          "Type": "None",
          "Action": ""
        },
        {
          "X": -510.4253,
          "Y": 225.858231,
          "Z": -177.56955,
          "Type": "None",
          "Action": ""
        },
        {
          "X": -516.8552,
          "Y": 218.652115,
          "Z": -183.803,
          "Type": "None",
          "Action": ""
        },
        {
          "X": -521.4392,
          "Y": 212.996689,
          "Z": -188.483643,
          "Type": "None",
          "Action": ""
        },
        {
          "X": -526.4634,
          "Y": 207.349213,
          "Z": -193.4094,
          "Type": "None",
          "Action": ""
        },
        {
          "X": -534.9581,
          "Y": 199.424286,
          "Z": -193.718246,
          "Type": "None",
          "Action": ""
        },
        {
          "X": -541.536438,
          "Y": 193.6017,
          "Z": -193.7229,
          "Type": "None",
          "Action": ""
        },
        {
          "X": -547.027466,
          "Y": 183.302643,
          "Z": -193.72731,
          "Type": "None",
          "Action": ""
        },
        {
          "X": -549.449158,
          "Y": 171.261841,
          "Z": -193.735626,
          "Type": "None",
          "Action": ""
        },
        {
          "X": -551.2111,
          "Y": 163.263779,
          "Z": -194.621246,
          "Type": "None",
          "Action": ""
        },
        {
          "X": -553.3155,
          "Y": 154.195465,
          "Z": -200.539932,
          "Type": "None",
          "Action": ""
        },
        {
          "X": -554.12085,
          "Y": 143.773041,
          "Z": -202.151276,
          "Type": "None",
          "Action": ""
        },
        {
          "X": -545.90094,
          "Y": 139.447891,
          "Z": -202.151276,
          "Type": "None",
          "Action": ""
        },
        {
          "X": -538.662964,
          "Y": 131.948135,
          "Z": -202.151276,
          "Type": "None",
          "Action": ""
        },
        {
          "X": -535.8882,
          "Y": 121.970947,
          "Z": -204.51506,
          "Type": "None",
          "Action": ""
        },
        {
          "X": -530.2003,
          "Y": 113.57338,
          "Z": -204.492233,
          "Type": "None",
          "Action": ""
        },
        {
          "X": -521.0638,
          "Y": 112.155663,
          "Z": -205.38327,
          "Type": "None",
          "Action": ""
        },
        {
          "X": -511.159271,
          "Y": 112.1292,
          "Z": -208.012451,
          "Type": "None",
          "Action": ""
        },
        {
          "X": -500.6643,
          "Y": 112.419014,
          "Z": -208.946671,
          "Type": "None",
          "Action": ""
        },
        {
          "X": -490.768829,
          "Y": 112.84407,
          "Z": -209.8438,
          "Type": "None",
          "Action": ""
        },
        {
          "X": -480.603058,
          "Y": 115.143036,
          "Z": -210.321426,
          "Type": "None",
          "Action": ""
        },
        {
          "X": -473.141174,
          "Y": 119.638321,
          "Z": -210.577545,
          "Type": "None",
          "Action": ""
        },
        {
          "X": -463.0217,
          "Y": 121.559982,
          "Z": -210.485428,
          "Type": "None",
          "Action": ""
        },
        {
          "X": -456.7571,
          "Y": 122.712967,
          "Z": -210.128174,
          "Type": "None",
          "Action": ""
        }
      ],
      "Name": "Going downstairs",
      "Order": 0,
      "CompleteCondition": null
    },
    {
      "$type": "WholesomeDungeonCrawler.Models.MoveAlongPathModel, WholesomeDungeonCrawler",
      "Path": [
        {
          "X": -452.163544,
          "Y": 126.955574,
          "Z": -210.140091,
          "Type": "None",
          "Action": ""
        },
        {
          "X": -451.028778,
          "Y": 132.475128,
          "Z": -209.538208,
          "Type": "None",
          "Action": ""
        },
        {
          "X": -449.7909,
          "Y": 138.02739,
          "Z": -209.6858,
          "Type": "None",
          "Action": ""
        },
        {
          "X": -447.3922,
          "Y": 143.227051,
          "Z": -209.58992,
          "Type": "None",
          "Action": ""
        },
        {
          "X": -445.894958,
          "Y": 148.612488,
          "Z": -209.279358,
          "Type": "None",
          "Action": ""
        },
        {
          "X": -445.8765,
          "Y": 154.344482,
          "Z": -209.0029,
          "Type": "None",
          "Action": ""
        },
        {
          "X": -445.951721,
          "Y": 160.034988,
          "Z": -209.593613,
          "Type": "None",
          "Action": ""
        },
        {
          "X": -446.0262,
          "Y": 165.6695,
          "Z": -209.542511,
          "Type": "None",
          "Action": ""
        },
        {
          "X": -446.102081,
          "Y": 171.409,
          "Z": -209.083313,
          "Type": "None",
          "Action": ""
        },
        {
          "X": -446.177856,
          "Y": 177.1415,
          "Z": -208.572739,
          "Type": "None",
          "Action": ""
        },
        {
          "X": -446.2518,
          "Y": 182.734009,
          "Z": -208.075546,
          "Type": "None",
          "Action": ""
        },
        {
          "X": -446.327576,
          "Y": 188.4665,
          "Z": -207.90773,
          "Type": "None",
          "Action": ""
        },
        {
          "X": -446.402161,
          "Y": 194.108017,
          "Z": -207.935776,
          "Type": "None",
          "Action": ""
        },
        {
          "X": -446.4799,
          "Y": 199.9875,
          "Z": -207.907242,
          "Type": "None",
          "Action": ""
        },
        {
          "X": -446.5538,
          "Y": 205.580017,
          "Z": -207.907242,
          "Type": "None",
          "Action": ""
        },
        {
          "X": -446.6309,
          "Y": 211.4105,
          "Z": -207.907242,
          "Type": "None",
          "Action": ""
        },
        {
          "X": -446.706116,
          "Y": 217.101013,
          "Z": -207.907242,
          "Type": "None",
          "Action": ""
        },
        {
          "X": -446.7757,
          "Y": 222.833572,
          "Z": -207.907242,
          "Type": "None",
          "Action": ""
        },
        {
          "X": -446.720428,
          "Y": 228.4753,
          "Z": -207.907242,
          "Type": "None",
          "Action": ""
        },
        {
          "X": -446.661652,
          "Y": 234.159,
          "Z": -207.907242,
          "Type": "None",
          "Action": ""
        },
        {
          "X": -447.099518,
          "Y": 239.7538,
          "Z": -207.932587,
          "Type": "None",
          "Action": ""
        },
        {
          "X": -449.158783,
          "Y": 245.101929,
          "Z": -207.907623,
          "Type": "None",
          "Action": ""
        },
        {
          "X": -451.336761,
          "Y": 250.419769,
          "Z": -207.907623,
          "Type": "None",
          "Action": ""
        },
        {
          "X": -454.603119,
          "Y": 254.9576,
          "Z": -207.952881,
          "Type": "None",
          "Action": ""
        },
        {
          "X": -459.4501,
          "Y": 257.9015,
          "Z": -207.906616,
          "Type": "None",
          "Action": ""
        },
        {
          "X": -464.621948,
          "Y": 260.1381,
          "Z": -207.906616,
          "Type": "None",
          "Action": ""
        },
        {
          "X": -470.1727,
          "Y": 261.460449,
          "Z": -207.995117,
          "Type": "None",
          "Action": ""
        },
        {
          "X": -475.862335,
          "Y": 261.477966,
          "Z": -207.94165,
          "Type": "None",
          "Action": ""
        },
        {
          "X": -481.4965,
          "Y": 261.379639,
          "Z": -207.94165,
          "Type": "None",
          "Action": ""
        },
        {
          "X": -487.2348,
          "Y": 261.242249,
          "Z": -207.94165,
          "Type": "None",
          "Action": ""
        },
        {
          "X": -492.974548,
          "Y": 261.218964,
          "Z": -207.94165,
          "Type": "None",
          "Action": ""
        },
        {
          "X": -498.606049,
          "Y": 261.401184,
          "Z": -207.94165,
          "Type": "None",
          "Action": ""
        },
        {
          "X": -504.328247,
          "Y": 261.75293,
          "Z": -207.94165,
          "Type": "None",
          "Action": ""
        },
        {
          "X": -509.9107,
          "Y": 262.0961,
          "Z": -207.94165,
          "Type": "None",
          "Action": ""
        },
        {
          "X": -515.6396,
          "Y": 262.4525,
          "Z": -207.929886,
          "Type": "None",
          "Action": ""
        },
        {
          "X": -521.1665,
          "Y": 263.877472,
          "Z": -207.9069,
          "Type": "None",
          "Action": ""
        },
        {
          "X": -526.309143,
          "Y": 266.0582,
          "Z": -207.9069,
          "Type": "None",
          "Action": ""
        },
        {
          "X": -531.589233,
          "Y": 268.30954,
          "Z": -207.9069,
          "Type": "None",
          "Action": ""
        },
        {
          "X": -536.9079,
          "Y": 270.577332,
          "Z": -207.9069,
          "Type": "None",
          "Action": ""
        },
        {
          "X": -542.1825,
          "Y": 272.841461,
          "Z": -207.9069,
          "Type": "None",
          "Action": ""
        },
        {
          "X": -546.9135,
          "Y": 275.854523,
          "Z": -207.9069,
          "Type": "None",
          "Action": ""
        },
        {
          "X": -550.1517,
          "Y": 280.558258,
          "Z": -208.3573,
          "Type": "None",
          "Action": ""
        },
        {
          "X": -552.49115,
          "Y": 285.684448,
          "Z": -209.195465,
          "Type": "None",
          "Action": ""
        },
        {
          "X": -554.73584,
          "Y": 290.91394,
          "Z": -210.0346,
          "Type": "None",
          "Action": ""
        },
        {
          "X": -556.879944,
          "Y": 296.230865,
          "Z": -210.93924,
          "Type": "None",
          "Action": ""
        },
        {
          "X": -558.985,
          "Y": 301.465454,
          "Z": -212.000671,
          "Type": "None",
          "Action": ""
        },
        {
          "X": -561.007568,
          "Y": 306.782043,
          "Z": -213.078827,
          "Type": "None",
          "Action": ""
        },
        {
          "X": -561.791138,
          "Y": 312.347473,
          "Z": -213.615265,
          "Type": "None",
          "Action": ""
        },
        {
          "X": -561.7872,
          "Y": 318.086426,
          "Z": -215.6133,
          "Type": "None",
          "Action": ""
        },
        {
          "X": -561.637634,
          "Y": 323.8245,
          "Z": -217.611221,
          "Type": "None",
          "Action": ""
        },
        {
          "X": -561.487244,
          "Y": 329.597534,
          "Z": -219.621185,
          "Type": "None",
          "Action": ""
        },
        {
          "X": -561.3403,
          "Y": 335.2376,
          "Z": -221.584808,
          "Type": "None",
          "Action": ""
        },
        {
          "X": -561.1909,
          "Y": 340.968658,
          "Z": -223.58017,
          "Type": "None",
          "Action": ""
        },
        {
          "X": -561.043762,
          "Y": 346.615753,
          "Z": -225.54628,
          "Type": "None",
          "Action": ""
        },
        {
          "X": -560.6845,
          "Y": 352.279449,
          "Z": -227.518082,
          "Type": "None",
          "Action": ""
        },
        {
          "X": -559.8907,
          "Y": 357.9638,
          "Z": -230.646957,
          "Type": "None",
          "Action": ""
        },
        {
          "X": -559.3598,
          "Y": 363.573334,
          "Z": -231.678787,
          "Type": "None",
          "Action": ""
        },
        {
          "X": -559.2118,
          "Y": 369.2554,
          "Z": -231.678665,
          "Type": "None",
          "Action": ""
        },
        {
          "X": -559.062256,
          "Y": 374.993439,
          "Z": -231.67514,
          "Type": "None",
          "Action": ""
        },
        {
          "X": -558.5906,
          "Y": 380.596,
          "Z": -231.6721,
          "Type": "None",
          "Action": ""
        },
        {
          "X": -556.205139,
          "Y": 385.803467,
          "Z": -231.671616,
          "Type": "None",
          "Action": ""
        },
        {
          "X": -553.6541,
          "Y": 390.827972,
          "Z": -231.210754,
          "Type": "None",
          "Action": ""
        },
        {
          "X": -551.0334,
          "Y": 395.989777,
          "Z": -230.600418,
          "Type": "None",
          "Action": ""
        },
        {
          "X": -548.4349,
          "Y": 401.1079,
          "Z": -230.600418,
          "Type": "None",
          "Action": ""
        },
        {
          "X": -557.6101,
          "Y": 404.967255,
          "Z": -230.600449,
          "Type": "None",
          "Action": ""
        },
        {
          "X": -568.467468,
          "Y": 410.8633,
          "Z": -230.600449,
          "Type": "None",
          "Action": ""
        },
        {
          "X": -579.180847,
          "Y": 416.657745,
          "Z": -230.600449,
          "Type": "None",
          "Action": ""
        },
        {
          "X": -587.4105,
          "Y": 421.085083,
          "Z": -230.600449,
          "Type": "None",
          "Action": ""
        },
        {
          "X": -597.0443,
          "Y": 426.516724,
          "Z": -230.600449,
          "Type": "None",
          "Action": ""
        },
        {
          "X": -604.1256,
          "Y": 430.631042,
          "Z": -230.600449,
          "Type": "None",
          "Action": ""
        },
        {
          "X": -613.1026,
          "Y": 434.8832,
          "Z": -230.600449,
          "Type": "None",
          "Action": ""
        },
        {
          "X": -623.2287,
          "Y": 436.685,
          "Z": -230.600449,
          "Type": "None",
          "Action": ""
        },
        {
          "X": -633.5085,
          "Y": 432.984039,
          "Z": -230.600449,
          "Type": "None",
          "Action": ""
        },
        {
          "X": -642.9625,
          "Y": 427.232239,
          "Z": -230.590469,
          "Type": "None",
          "Action": ""
        },
        {
          "X": -650.163757,
          "Y": 419.67865,
          "Z": -230.6233,
          "Type": "None",
          "Action": ""
        },
        {
          "X": -647.989441,
          "Y": 411.2971,
          "Z": -230.62471,
          "Type": "None",
          "Action": ""
        },
        {
          "X": -642.3341,
          "Y": 404.577179,
          "Z": -231.153061,
          "Type": "None",
          "Action": ""
        },
        {
          "X": -637.6037,
          "Y": 398.5922,
          "Z": -236.3495,
          "Type": "None",
          "Action": ""
        },
        {
          "X": -629.3085,
          "Y": 387.4014,
          "Z": -242.172592,
          "Type": "None",
          "Action": ""
        },
        {
          "X": -623.0806,
          "Y": 378.9913,
          "Z": -247.250259,
          "Type": "None",
          "Action": ""
        },
        {
          "X": -622.8294,
          "Y": 368.5916,
          "Z": -247.2562,
          "Type": "None",
          "Action": ""
        },
        {
          "X": -630.294861,
          "Y": 361.7696,
          "Z": -252.4946,
          "Type": "None",
          "Action": ""
        },
        {
          "X": -637.5372,
          "Y": 357.215637,
          "Z": -255.594879,
          "Type": "None",
          "Action": ""
        },
        {
          "X": -646.1911,
          "Y": 359.62207,
          "Z": -256.233154,
          "Type": "None",
          "Action": ""
        },
        {
          "X": -650.64624,
          "Y": 365.107147,
          "Z": -260.655121,
          "Type": "None",
          "Action": ""
        },
        {
          "X": -656.6215,
          "Y": 374.37027,
          "Z": -264.405762,
          "Type": "None",
          "Action": ""
        },
        {
          "X": -661.753052,
          "Y": 382.178162,
          "Z": -271.398163,
          "Type": "None",
          "Action": ""
        },
        {
          "X": -666.9418,
          "Y": 389.2233,
          "Z": -273.061432,
          "Type": "None",
          "Action": ""
        },
        {
          "X": -670.4751,
          "Y": 398.184174,
          "Z": -273.062866,
          "Type": "None",
          "Action": ""
        },
        {
          "X": -670.812256,
          "Y": 407.947266,
          "Z": -273.062866,
          "Type": "None",
          "Action": ""
        },
        {
          "X": -662.180664,
          "Y": 413.925354,
          "Z": -273.062866,
          "Type": "None",
          "Action": ""
        },
        {
          "X": -655.6388,
          "Y": 418.844,
          "Z": -273.062866,
          "Type": "None",
          "Action": ""
        },
        {
          "X": -646.6078,
          "Y": 426.156036,
          "Z": -273.062866,
          "Type": "None",
          "Action": ""
        },
        {
          "X": -639.834534,
          "Y": 431.6401,
          "Z": -273.062866,
          "Type": "None",
          "Action": ""
        },
        {
          "X": -628.953857,
          "Y": 440.4498,
          "Z": -273.0628,
          "Type": "None",
          "Action": ""
        },
        {
          "X": -622.775146,
          "Y": 445.714935,
          "Z": -273.062347,
          "Type": "None",
          "Action": ""
        },
        {
          "X": -615.909546,
          "Y": 452.002625,
          "Z": -273.061859,
          "Type": "None",
          "Action": ""
        },
        {
          "X": -609.625854,
          "Y": 458.091675,
          "Z": -273.0733,
          "Type": "None",
          "Action": ""
        },
        {
          "X": -602.516663,
          "Y": 464.988678,
          "Z": -273.087341,
          "Type": "None",
          "Action": ""
        }
      ],
      "Name": "Path to second jump",
      "Order": 1,
      "CompleteCondition": null
    },
    {
      "$type": "WholesomeDungeonCrawler.Models.MoveAlongPathModel, WholesomeDungeonCrawler",
      "Path": [
        {
          "X": -592.169861,
          "Y": 479.5889,
          "Z": -273.079529,
          "Type": "None",
          "Action": ""
        },
        {
          "X": -594.6746,
          "Y": 484.752441,
          "Z": -273.079529,
          "Type": "None",
          "Action": ""
        },
        {
          "X": -597.2956,
          "Y": 489.740784,
          "Z": -273.079529,
          "Type": "None",
          "Action": ""
        },
        {
          "X": -599.946045,
          "Y": 494.776917,
          "Z": -273.079529,
          "Type": "None",
          "Action": ""
        },
        {
          "X": -602.6226,
          "Y": 499.862579,
          "Z": -273.079529,
          "Type": "None",
          "Action": ""
        },
        {
          "X": -605.679932,
          "Y": 504.569824,
          "Z": -273.079529,
          "Type": "None",
          "Action": ""
        },
        {
          "X": -609.655762,
          "Y": 508.612,
          "Z": -273.079529,
          "Type": "None",
          "Action": ""
        },
        {
          "X": -614.602051,
          "Y": 511.5016,
          "Z": -273.076416,
          "Type": "None",
          "Action": ""
        },
        {
          "X": -619.7684,
          "Y": 513.7511,
          "Z": -273.06897,
          "Type": "None",
          "Action": ""
        },
        {
          "X": -624.9366,
          "Y": 516.2286,
          "Z": -273.063416,
          "Type": "None",
          "Action": ""
        },
        {
          "X": -629.923645,
          "Y": 518.7606,
          "Z": -273.063416,
          "Type": "None",
          "Action": ""
        },
        {
          "X": -635.0355,
          "Y": 521.355957,
          "Z": -273.063416,
          "Type": "None",
          "Action": ""
        },
        {
          "X": -640.382568,
          "Y": 523.355164,
          "Z": -273.063416,
          "Type": "None",
          "Action": ""
        },
        {
          "X": -646.016357,
          "Y": 523.3134,
          "Z": -273.063416,
          "Type": "None",
          "Action": ""
        },
        {
          "X": -651.7328,
          "Y": 522.8782,
          "Z": -273.063416,
          "Type": "None",
          "Action": ""
        },
        {
          "X": -657.3009,
          "Y": 522.4319,
          "Z": -273.063416,
          "Type": "None",
          "Action": ""
        },
        {
          "X": -663.030762,
          "Y": 522.1068,
          "Z": -273.063416,
          "Type": "None",
          "Action": ""
        },
        {
          "X": -668.7526,
          "Y": 522.472656,
          "Z": -273.063416,
          "Type": "None",
          "Action": ""
        },
        {
          "X": -674.34906,
          "Y": 523.70166,
          "Z": -273.063416,
          "Type": "None",
          "Action": ""
        },
        {
          "X": -679.8633,
          "Y": 525.109,
          "Z": -273.063416,
          "Type": "None",
          "Action": ""
        },
        {
          "X": -685.4183,
          "Y": 526.526733,
          "Z": -275.058716,
          "Type": "None",
          "Action": ""
        },
        {
          "X": -690.878235,
          "Y": 527.9203,
          "Z": -277.492981,
          "Type": "None",
          "Action": ""
        },
        {
          "X": -696.399231,
          "Y": 529.329346,
          "Z": -279.9545,
          "Type": "None",
          "Action": ""
        },
        {
          "X": -701.8728,
          "Y": 530.7263,
          "Z": -282.0598,
          "Type": "None",
          "Action": ""
        },
        {
          "X": -707.4141,
          "Y": 532.1406,
          "Z": -282.0598,
          "Type": "None",
          "Action": ""
        },
        {
          "X": -712.9758,
          "Y": 533.5601,
          "Z": -283.803284,
          "Type": "None",
          "Action": ""
        },
        {
          "X": -718.435852,
          "Y": 534.9536,
          "Z": -286.2376,
          "Type": "None",
          "Action": ""
        },
        {
          "X": -723.9501,
          "Y": 536.360962,
          "Z": -288.695984,
          "Type": "None",
          "Action": ""
        },
        {
          "X": -729.505,
          "Y": 537.778748,
          "Z": -291.059875,
          "Type": "None",
          "Action": ""
        },
        {
          "X": -734.9718,
          "Y": 539.17395,
          "Z": -291.059875,
          "Type": "None",
          "Action": ""
        },
        {
          "X": -740.5726,
          "Y": 540.608765,
          "Z": -291.059875,
          "Type": "None",
          "Action": ""
        },
        {
          "X": -745.7461,
          "Y": 543.0396,
          "Z": -291.059875,
          "Type": "None",
          "Action": ""
        },
        {
          "X": -750.3365,
          "Y": 546.3882,
          "Z": -291.059875,
          "Type": "None",
          "Action": ""
        },
        {
          "X": -754.813049,
          "Y": 549.8222,
          "Z": -291.059875,
          "Type": "None",
          "Action": ""
        },
        {
          "X": -759.181458,
          "Y": 553.5202,
          "Z": -291.059875,
          "Type": "None",
          "Action": ""
        },
        {
          "X": -762.918152,
          "Y": 557.8728,
          "Z": -291.059875,
          "Type": "None",
          "Action": ""
        },
        {
          "X": -765.801636,
          "Y": 562.6524,
          "Z": -291.059875,
          "Type": "None",
          "Action": ""
        },
        {
          "X": -768.5741,
          "Y": 567.678467,
          "Z": -291.059875,
          "Type": "None",
          "Action": ""
        },
        {
          "X": -770.6464,
          "Y": 572.897766,
          "Z": -291.059875,
          "Type": "None",
          "Action": ""
        },
        {
          "X": -771.6439,
          "Y": 578.546,
          "Z": -291.059875,
          "Type": "None",
          "Action": ""
        },
        {
          "X": -771.896362,
          "Y": 584.21936,
          "Z": -291.059875,
          "Type": "None",
          "Action": ""
        },
        {
          "X": -771.1611,
          "Y": 589.8067,
          "Z": -291.059875,
          "Type": "None",
          "Action": ""
        },
        {
          "X": -770.0554,
          "Y": 595.432068,
          "Z": -291.059875,
          "Type": "None",
          "Action": ""
        },
        {
          "X": -768.962646,
          "Y": 600.9672,
          "Z": -291.059875,
          "Type": "None",
          "Action": ""
        },
        {
          "X": -767.8618,
          "Y": 606.54364,
          "Z": -292.358337,
          "Type": "None",
          "Action": ""
        },
        {
          "X": -766.750061,
          "Y": 612.1749,
          "Z": -294.834625,
          "Type": "None",
          "Action": ""
        },
        {
          "X": -765.6587,
          "Y": 617.703247,
          "Z": -297.265533,
          "Type": "None",
          "Action": ""
        },
        {
          "X": -764.511,
          "Y": 623.3272,
          "Z": -299.742584,
          "Type": "None",
          "Action": ""
        },
        {
          "X": -763.1439,
          "Y": 628.800537,
          "Z": -300.059875,
          "Type": "None",
          "Action": ""
        },
        {
          "X": -761.6119,
          "Y": 634.2742,
          "Z": -301.093,
          "Type": "None",
          "Action": ""
        },
        {
          "X": -760.061768,
          "Y": 639.8009,
          "Z": -303.5715,
          "Type": "None",
          "Action": ""
        },
        {
          "X": -758.540039,
          "Y": 645.2265,
          "Z": -306.004852,
          "Type": "None",
          "Action": ""
        },
        {
          "X": -756.988,
          "Y": 650.759949,
          "Z": -308.486877,
          "Type": "None",
          "Action": ""
        },
        {
          "X": -755.440063,
          "Y": 656.2727,
          "Z": -309.059845,
          "Type": "None",
          "Action": ""
        },
        {
          "X": -753.975,
          "Y": 661.6701,
          "Z": -309.8341,
          "Type": "None",
          "Action": ""
        },
        {
          "X": -752.5337,
          "Y": 667.2262,
          "Z": -312.313721,
          "Type": "None",
          "Action": ""
        },
        {
          "X": -751.1187,
          "Y": 672.680664,
          "Z": -314.747925,
          "Type": "None",
          "Action": ""
        },
        {
          "X": -749.679138,
          "Y": 678.23,
          "Z": -317.224548,
          "Type": "None",
          "Action": ""
        },
        {
          "X": -748.262451,
          "Y": 683.6912,
          "Z": -318.059875,
          "Type": "None",
          "Action": ""
        },
        {
          "X": -746.8229,
          "Y": 689.24054,
          "Z": -318.059875,
          "Type": "None",
          "Action": ""
        },
        {
          "X": -745.2144,
          "Y": 694.696167,
          "Z": -318.059875,
          "Type": "None",
          "Action": ""
        },
        {
          "X": -742.790955,
          "Y": 699.776062,
          "Z": -318.059875,
          "Type": "None",
          "Action": ""
        },
        {
          "X": -739.445557,
          "Y": 704.4252,
          "Z": -318.059875,
          "Type": "None",
          "Action": ""
        },
        {
          "X": -735.743042,
          "Y": 708.7471,
          "Z": -318.059875,
          "Type": "None",
          "Action": ""
        },
        {
          "X": -731.8999,
          "Y": 712.8546,
          "Z": -318.059875,
          "Type": "None",
          "Action": ""
        },
        {
          "X": -727.0753,
          "Y": 715.938232,
          "Z": -318.059875,
          "Type": "None",
          "Action": ""
        },
        {
          "X": -721.9703,
          "Y": 718.3223,
          "Z": -318.059875,
          "Type": "None",
          "Action": ""
        },
        {
          "X": -716.587769,
          "Y": 720.4509,
          "Z": -318.059875,
          "Type": "None",
          "Action": ""
        },
        {
          "X": -711.0355,
          "Y": 721.851257,
          "Z": -318.059875,
          "Type": "None",
          "Action": ""
        },
        {
          "X": -705.4288,
          "Y": 722.402649,
          "Z": -318.059875,
          "Type": "None",
          "Action": ""
        },
        {
          "X": -699.7252,
          "Y": 721.893066,
          "Z": -318.059875,
          "Type": "None",
          "Action": ""
        },
        {
          "X": -694.1069,
          "Y": 720.9868,
          "Z": -318.059875,
          "Type": "None",
          "Action": ""
        },
        {
          "X": -688.5675,
          "Y": 719.954346,
          "Z": -318.059875,
          "Type": "None",
          "Action": ""
        },
        {
          "X": -682.9407,
          "Y": 718.820435,
          "Z": -318.320038,
          "Type": "None",
          "Action": ""
        },
        {
          "X": -677.3785,
          "Y": 717.6165,
          "Z": -320.771,
          "Type": "None",
          "Action": ""
        },
        {
          "X": -671.8726,
          "Y": 716.4169,
          "Z": -323.198273,
          "Type": "None",
          "Action": ""
        },
        {
          "X": -666.271057,
          "Y": 715.19635,
          "Z": -325.6709,
          "Type": "None",
          "Action": ""
        },
        {
          "X": -660.662659,
          "Y": 713.974365,
          "Z": -327.0598,
          "Type": "None",
          "Action": ""
        },
        {
          "X": -655.214233,
          "Y": 712.7436,
          "Z": -327.0598,
          "Type": "None",
          "Action": ""
        },
        {
          "X": -649.666748,
          "Y": 711.270264,
          "Z": -327.0598,
          "Type": "None",
          "Action": ""
        },
        {
          "X": -644.1011,
          "Y": 709.678467,
          "Z": -327.0598,
          "Type": "None",
          "Action": ""
        },
        {
          "X": -639.037659,
          "Y": 707.292542,
          "Z": -327.0598,
          "Type": "None",
          "Action": ""
        },
        {
          "X": -634.7705,
          "Y": 703.458069,
          "Z": -327.0598,
          "Type": "None",
          "Action": ""
        },
        {
          "X": -630.6833,
          "Y": 699.4306,
          "Z": -327.057251,
          "Type": "None",
          "Action": ""
        },
        {
          "X": -627.4401,
          "Y": 694.8843,
          "Z": -327.05658,
          "Type": "None",
          "Action": ""
        },
        {
          "X": -623.7748,
          "Y": 692.4766,
          "Z": -327.0535,
          "Type": "None",
          "Action": ""
        }
      ],
      "Name": "Path to last boss",
      "Order": 2,
      "CompleteCondition": {
        "HasCompleteCondition": false,
        "ConditionType": 0,
        "GameObjectId": 0,
        "InitialFlags": 0,
        "ItemId": 0,
        "CSharpCondition": null,
        "DeadMobId": 0,
        "MobPositionId": 0,
        "MobId": 0,
        "MobPositionVector": null,
        "LOSPositionVector": null,
        "WaitTime": 0
      }
    },
    {
      "$type": "WholesomeDungeonCrawler.Models.InteractWithModel, WholesomeDungeonCrawler",
      "ObjectId": 142207,
      "ExpectedPosition": {
        "X": -618.608,
        "Y": 691.118,
        "Z": -327.049,
        "Type": "None",
        "Action": ""
      },
      "StrictPosition": false,
      "FindClosest": false,
      "Name": "Open door",
      "Order": 3,
      "CompleteCondition": {
        "HasCompleteCondition": true,
        "ConditionType": 2,
        "GameObjectId": 142207,
        "InitialFlags": 32,
        "ItemId": 0,
        "CSharpCondition": null,
        "DeadMobId": 0,
        "MobPositionId": 0,
        "MobId": 0,
        "MobPositionVector": null,
        "LOSPositionVector": null,
        "WaitTime": 0
      }
    },
    {
      "$type": "WholesomeDungeonCrawler.Models.MoveAlongPathModel, WholesomeDungeonCrawler",
      "Path": [
        {
          "X": -617.3592,
          "Y": 691.1492,
          "Z": -327.053284,
          "Type": "None",
          "Action": ""
        },
        {
          "X": -611.4839,
          "Y": 689.6005,
          "Z": -327.051,
          "Type": "None",
          "Action": ""
        },
        {
          "X": -606.0282,
          "Y": 688.162537,
          "Z": -327.047424,
          "Type": "None",
          "Action": ""
        },
        {
          "X": -600.4845,
          "Y": 686.701355,
          "Z": -327.043823,
          "Type": "None",
          "Action": ""
        },
        {
          "X": -595.0484,
          "Y": 685.1926,
          "Z": -327.042084,
          "Type": "None",
          "Action": ""
        },
        {
          "X": -589.556641,
          "Y": 683.7276,
          "Z": -327.06958,
          "Type": "None",
          "Action": ""
        },
        {
          "X": -583.994141,
          "Y": 682.311646,
          "Z": -327.073853,
          "Type": "None",
          "Action": ""
        },
        {
          "X": -578.5234,
          "Y": 680.9612,
          "Z": -327.079468,
          "Type": "None",
          "Action": ""
        },
        {
          "X": -572.9506,
          "Y": 679.5855,
          "Z": -327.085327,
          "Type": "None",
          "Action": ""
        },
        {
          "X": -567.479858,
          "Y": 678.2351,
          "Z": -327.0896,
          "Type": "None",
          "Action": ""
        },
        {
          "X": -561.9068,
          "Y": 676.8608,
          "Z": -327.095276,
          "Type": "None",
          "Action": ""
        },
        {
          "X": -556.4203,
          "Y": 675.57605,
          "Z": -327.0757,
          "Type": "None",
          "Action": ""
        },
        {
          "X": -550.8595,
          "Y": 674.366,
          "Z": -326.2654,
          "Type": "None",
          "Action": ""
        },
        {
          "X": -545.2463,
          "Y": 673.166138,
          "Z": -325.2692,
          "Type": "None",
          "Action": ""
        },
        {
          "X": -539.728943,
          "Y": 671.9867,
          "Z": -325.2692,
          "Type": "None",
          "Action": ""
        },
        {
          "X": -534.1226,
          "Y": 670.7882,
          "Z": -325.2692,
          "Type": "None",
          "Action": ""
        }
      ],
      "Name": "To last boss",
      "Order": 4,
      "CompleteCondition": {
        "HasCompleteCondition": false,
        "ConditionType": 0,
        "GameObjectId": 0,
        "InitialFlags": 0,
        "ItemId": 0,
        "CSharpCondition": null,
        "DeadMobId": 0,
        "MobPositionId": 0,
        "MobId": 0,
        "MobPositionVector": null,
        "LOSPositionVector": null,
        "WaitTime": 0
      }
    }
  ],
  "MapId": 90,
  "Name": "Gnome",
  "Faction": 2,
  "DeathRunPath": [
    {
      "X": -332.22,
      "Y": -2.28,
      "Z": -152.845886,
      "Type": "None",
      "Action": ""
    }
  ],
  "OffMeshConnections": [
    {
      "Path": [
        {
          "X": -429.521973,
          "Y": 48.81264,
          "Z": -154.024475,
          "Type": "None",
          "Action": ""
        },
        {
          "X": -435.6568,
          "Y": 63.7279625,
          "Z": -196.773712,
          "Type": "None",
          "Action": ""
        },
        {
          "X": -435.929626,
          "Y": 53.2581139,
          "Z": -209.928391,
          "Type": "None",
          "Action": ""
        }
      ],
      "ContinentId": 90,
      "Type": 0,
      "TryToUseEvenIfCanFindPathSuccess": true,
      "Name": "Jump to massive cog"
    },
    {
      "Path": [
        {
          "X": -559.7266,
          "Y": 427.0929,
          "Z": -230.601822,
          "Type": "None",
          "Action": ""
        },
        {
          "X": -569.591553,
          "Y": 432.39743,
          "Z": -236.91,
          "Type": "None",
          "Action": ""
        },
        {
          "X": -582.1157,
          "Y": 437.564026,
          "Z": -260.24234,
          "Type": "None",
          "Action": ""
        },
        {
          "X": -583.199158,
          "Y": 447.5909,
          "Z": -273.0753,
          "Type": "None",
          "Action": ""
        }
      ],
      "ContinentId": 90,
      "Type": 0,
      "TryToUseEvenIfCanFindPathSuccess": true,
      "Name": "Second Jump"
    }
  ]
}